SECUCODE,SECURITY_CODE,SECURITY_NAME_ABBR,ORG_CODE,REPORT_DATE,DATE_TYPE_CODE,FISCAL_YEAR,START_DATE,STD_ITEM_CODE,STD_ITEM_NAME,AMOUNT
01357.HK,01357,美图公司,10563891,2024-12-31 00:00:00,001,12-31,2024-01-01 00:00:00,004001001,营业额,3340761000.0
01357.HK,01357,美图公司,10563891,2024-12-31 00:00:00,001,12-31,2024-01-01 00:00:00,004001999,营运收入,3340761000.0
01357.HK,01357,美图公司,10563891,2024-12-31 00:00:00,001,12-31,2024-01-01 00:00:00,004005001,营运支出,1046550000.0
01357.HK,01357,美图公司,10563891,2024-12-31 00:00:00,001,12-31,2024-01-01 00:00:00,004007999,毛利,2294211000.0
01357.HK,01357,美图公司,10563891,2024-12-31 00:00:00,001,12-31,2024-01-01 00:00:00,004010001,其他收入,23618000.0
01357.HK,01357,美图公司,10563891,2024-12-31 00:00:00,001,12-31,2024-01-01 00:00:00,004010002,其他收益,-364785000.0
01357.HK,01357,美图公司,10563891,2024-12-31 00:00:00,001,12-31,2024-01-01 00:00:00,004010003,销售及分销费用,483400000.0
01357.HK,01357,美图公司,10563891,2024-12-31 00:00:00,001,12-31,2024-01-01 00:00:00,004010004,行政开支,399889000.0
01357.HK,01357,美图公司,10563891,2024-12-31 00:00:00,001,12-31,2024-01-01 00:00:00,004010005,减值及拨备,-636805000.0
01357.HK,01357,美图公司,10563891,2024-12-31 00:00:00,001,12-31,2024-01-01 00:00:00,004010010,研发费用,910703000.0
01357.HK,01357,美图公司,10563891,2024-12-31 00:00:00,001,12-31,2024-01-01 00:00:00,004010999,经营溢利,795857000.0
01357.HK,01357,美图公司,10563891,2024-12-31 00:00:00,001,12-31,2024-01-01 00:00:00,004011200,利息收入,50664000.0
01357.HK,01357,美图公司,10563891,2024-12-31 00:00:00,001,12-31,2024-01-01 00:00:00,004011997,溢利其他项目,-23668000.0
01357.HK,01357,美图公司,10563891,2024-12-31 00:00:00,001,12-31,2024-01-01 00:00:00,004011999,除税前溢利,822853000.0
01357.HK,01357,美图公司,10563891,2024-12-31 00:00:00,001,12-31,2024-01-01 00:00:00,004012001,税项,16693000.0
01357.HK,01357,美图公司,10563891,2024-12-31 00:00:00,001,12-31,2024-01-01 00:00:00,004012002,持续经营业务税后利润,806160000.0
01357.HK,01357,美图公司,10563891,2024-12-31 00:00:00,001,12-31,2024-01-01 00:00:00,004012999,除税后溢利,806160000.0
01357.HK,01357,美图公司,10563891,2024-12-31 00:00:00,001,12-31,2024-01-01 00:00:00,004025001,少数股东损益,984000.0
01357.HK,01357,美图公司,10563891,2024-12-31 00:00:00,001,12-31,2024-01-01 00:00:00,004025002,股东应占溢利,805176000.0
01357.HK,01357,美图公司,10563891,2024-12-31 00:00:00,001,12-31,2024-01-01 00:00:00,004027002,每股基本盈利,0.18
01357.HK,01357,美图公司,10563891,2024-12-31 00:00:00,001,12-31,2024-01-01 00:00:00,004027003,每股摊薄盈利,0.18
01357.HK,01357,美图公司,10563891,2024-12-31 00:00:00,001,12-31,2024-01-01 00:00:00,004030997,其他全面收益其他项目,17885000.0
01357.HK,01357,美图公司,10563891,2024-12-31 00:00:00,001,12-31,2024-01-01 00:00:00,004030999,其他全面收益,17885000.0
01357.HK,01357,美图公司,10563891,2024-12-31 00:00:00,001,12-31,2024-01-01 00:00:00,004039999,全面收益总额,824045000.0
01357.HK,01357,美图公司,10563891,2024-12-31 00:00:00,001,12-31,2024-01-01 00:00:00,004040001,非控股权益应占全面收益总额,984000.0
01357.HK,01357,美图公司,10563891,2024-12-31 00:00:00,001,12-31,2024-01-01 00:00:00,004040002,本公司拥有人应占全面收益总额,823061000.0
01357.HK,01357,美图公司,10563891,2024-12-31 00:00:00,001,12-31,2024-01-01 00:00:00,004099999,非运算项目,-1046550000.0
01357.HK,01357,美图公司,10563891,2023-12-31 00:00:00,001,12-31,2023-01-01 00:00:00,004001001,营业额,2695738000.0
01357.HK,01357,美图公司,10563891,2023-12-31 00:00:00,001,12-31,2023-01-01 00:00:00,004001999,营运收入,2695738000.0
01357.HK,01357,美图公司,10563891,2023-12-31 00:00:00,001,12-31,2023-01-01 00:00:00,004005001,营运支出,1039862000.0
01357.HK,01357,美图公司,10563891,2023-12-31 00:00:00,001,12-31,2023-01-01 00:00:00,004007999,毛利,1655876000.0
01357.HK,01357,美图公司,10563891,2023-12-31 00:00:00,001,12-31,2023-01-01 00:00:00,004010001,其他收入,68642000.0
01357.HK,01357,美图公司,10563891,2023-12-31 00:00:00,001,12-31,2023-01-01 00:00:00,004010002,其他收益,-41106000.0
01357.HK,01357,美图公司,10563891,2023-12-31 00:00:00,001,12-31,2023-01-01 00:00:00,004010003,销售及分销费用,428188000.0
01357.HK,01357,美图公司,10563891,2023-12-31 00:00:00,001,12-31,2023-01-01 00:00:00,004010004,行政开支,300915000.0
01357.HK,01357,美图公司,10563891,2023-12-31 00:00:00,001,12-31,2023-01-01 00:00:00,004010005,减值及拨备,-93951000.0
01357.HK,01357,美图公司,10563891,2023-12-31 00:00:00,001,12-31,2023-01-01 00:00:00,004010010,研发费用,635484000.0
01357.HK,01357,美图公司,10563891,2023-12-31 00:00:00,001,12-31,2023-01-01 00:00:00,004010999,经营溢利,412776000.0
01357.HK,01357,美图公司,10563891,2023-12-31 00:00:00,001,12-31,2023-01-01 00:00:00,004011200,利息收入,44366000.0
01357.HK,01357,美图公司,10563891,2023-12-31 00:00:00,001,12-31,2023-01-01 00:00:00,004011997,溢利其他项目,-19057000.0
01357.HK,01357,美图公司,10563891,2023-12-31 00:00:00,001,12-31,2023-01-01 00:00:00,004011999,除税前溢利,438085000.0
01357.HK,01357,美图公司,10563891,2023-12-31 00:00:00,001,12-31,2023-01-01 00:00:00,004012001,税项,71667000.0
01357.HK,01357,美图公司,10563891,2023-12-31 00:00:00,001,12-31,2023-01-01 00:00:00,004012002,持续经营业务税后利润,366418000.0
01357.HK,01357,美图公司,10563891,2023-12-31 00:00:00,001,12-31,2023-01-01 00:00:00,004012999,除税后溢利,366418000.0
01357.HK,01357,美图公司,10563891,2023-12-31 00:00:00,001,12-31,2023-01-01 00:00:00,004025001,少数股东损益,-11875000.0
01357.HK,01357,美图公司,10563891,2023-12-31 00:00:00,001,12-31,2023-01-01 00:00:00,004025002,股东应占溢利,378293000.0
01357.HK,01357,美图公司,10563891,2023-12-31 00:00:00,001,12-31,2023-01-01 00:00:00,004027002,每股基本盈利,0.09
01357.HK,01357,美图公司,10563891,2023-12-31 00:00:00,001,12-31,2023-01-01 00:00:00,004027003,每股摊薄盈利,0.08
01357.HK,01357,美图公司,10563891,2023-12-31 00:00:00,001,12-31,2023-01-01 00:00:00,004030997,其他全面收益其他项目,22987000.0
01357.HK,01357,美图公司,10563891,2023-12-31 00:00:00,001,12-31,2023-01-01 00:00:00,004030999,其他全面收益,22987000.0
01357.HK,01357,美图公司,10563891,2023-12-31 00:00:00,001,12-31,2023-01-01 00:00:00,004039999,全面收益总额,389405000.0
01357.HK,01357,美图公司,10563891,2023-12-31 00:00:00,001,12-31,2023-01-01 00:00:00,004040001,非控股权益应占全面收益总额,-10919000.0
01357.HK,01357,美图公司,10563891,2023-12-31 00:00:00,001,12-31,2023-01-01 00:00:00,004040002,本公司拥有人应占全面收益总额,400324000.0
01357.HK,01357,美图公司,10563891,2023-12-31 00:00:00,001,12-31,2023-01-01 00:00:00,004099999,非运算项目,-1039862000.0
01357.HK,01357,美图公司,10563891,2022-12-31 00:00:00,001,12-31,2022-01-01 00:00:00,004001001,营业额,2085329000.0
01357.HK,01357,美图公司,10563891,2022-12-31 00:00:00,001,12-31,2022-01-01 00:00:00,004001999,营运收入,2085329000.0
01357.HK,01357,美图公司,10563891,2022-12-31 00:00:00,001,12-31,2022-01-01 00:00:00,004005001,营运支出,898057000.0
01357.HK,01357,美图公司,10563891,2022-12-31 00:00:00,001,12-31,2022-01-01 00:00:00,004007999,毛利,1187272000.0
01357.HK,01357,美图公司,10563891,2022-12-31 00:00:00,001,12-31,2022-01-01 00:00:00,004010001,其他收入,130275000.0
01357.HK,01357,美图公司,10563891,2022-12-31 00:00:00,001,12-31,2022-01-01 00:00:00,004010002,其他收益,542950000.0
01357.HK,01357,美图公司,10563891,2022-12-31 00:00:00,001,12-31,2022-01-01 00:00:00,004010003,销售及分销费用,403115000.0
01357.HK,01357,美图公司,10563891,2022-12-31 00:00:00,001,12-31,2022-01-01 00:00:00,004010004,行政开支,271850000.0
01357.HK,01357,美图公司,10563891,2022-12-31 00:00:00,001,12-31,2022-01-01 00:00:00,004010005,减值及拨备,425700000.0
01357.HK,01357,美图公司,10563891,2022-12-31 00:00:00,001,12-31,2022-01-01 00:00:00,004010010,研发费用,586365000.0
01357.HK,01357,美图公司,10563891,2022-12-31 00:00:00,001,12-31,2022-01-01 00:00:00,004010999,经营溢利,173467000.0
01357.HK,01357,美图公司,10563891,2022-12-31 00:00:00,001,12-31,2022-01-01 00:00:00,004011200,利息收入,14921000.0
01357.HK,01357,美图公司,10563891,2022-12-31 00:00:00,001,12-31,2022-01-01 00:00:00,004011997,溢利其他项目,-13158000.0
01357.HK,01357,美图公司,10563891,2022-12-31 00:00:00,001,12-31,2022-01-01 00:00:00,004011999,除税前溢利,175230000.0
01357.HK,01357,美图公司,10563891,2022-12-31 00:00:00,001,12-31,2022-01-01 00:00:00,004012001,税项,156339000.0
01357.HK,01357,美图公司,10563891,2022-12-31 00:00:00,001,12-31,2022-01-01 00:00:00,004012002,持续经营业务税后利润,18891000.0
01357.HK,01357,美图公司,10563891,2022-12-31 00:00:00,001,12-31,2022-01-01 00:00:00,004012999,除税后溢利,18891000.0
01357.HK,01357,美图公司,10563891,2022-12-31 00:00:00,001,12-31,2022-01-01 00:00:00,004025001,少数股东损益,-75251000.0
01357.HK,01357,美图公司,10563891,2022-12-31 00:00:00,001,12-31,2022-01-01 00:00:00,004025002,股东应占溢利,94142000.0
01357.HK,01357,美图公司,10563891,2022-12-31 00:00:00,001,12-31,2022-01-01 00:00:00,004027002,每股基本盈利,0.02
01357.HK,01357,美图公司,10563891,2022-12-31 00:00:00,001,12-31,2022-01-01 00:00:00,004027003,每股摊薄盈利,0.02
01357.HK,01357,美图公司,10563891,2022-12-31 00:00:00,001,12-31,2022-01-01 00:00:00,004030997,其他全面收益其他项目,78750000.0
01357.HK,01357,美图公司,10563891,2022-12-31 00:00:00,001,12-31,2022-01-01 00:00:00,004030999,其他全面收益,78750000.0
01357.HK,01357,美图公司,10563891,2022-12-31 00:00:00,001,12-31,2022-01-01 00:00:00,004039999,全面收益总额,97641000.0
01357.HK,01357,美图公司,10563891,2022-12-31 00:00:00,001,12-31,2022-01-01 00:00:00,004040001,非控股权益应占全面收益总额,-73089000.0
01357.HK,01357,美图公司,10563891,2022-12-31 00:00:00,001,12-31,2022-01-01 00:00:00,004040002,本公司拥有人应占全面收益总额,170730000.0
01357.HK,01357,美图公司,10563891,2022-12-31 00:00:00,001,12-31,2022-01-01 00:00:00,004099999,非运算项目,-898057000.0
01357.HK,01357,美图公司,10563891,2021-12-31 00:00:00,001,12-31,2021-01-01 00:00:00,004001001,营业额,1666029000.0
01357.HK,01357,美图公司,10563891,2021-12-31 00:00:00,001,12-31,2021-01-01 00:00:00,004001999,营运收入,1666029000.0
01357.HK,01357,美图公司,10563891,2021-12-31 00:00:00,001,12-31,2021-01-01 00:00:00,004005001,营运支出,540942000.0
01357.HK,01357,美图公司,10563891,2021-12-31 00:00:00,001,12-31,2021-01-01 00:00:00,004007999,毛利,1125087000.0
01357.HK,01357,美图公司,10563891,2021-12-31 00:00:00,001,12-31,2021-01-01 00:00:00,004010001,其他收入,101473000.0
01357.HK,01357,美图公司,10563891,2021-12-31 00:00:00,001,12-31,2021-01-01 00:00:00,004010002,其他收益,211960000.0
01357.HK,01357,美图公司,10563891,2021-12-31 00:00:00,001,12-31,2021-01-01 00:00:00,004010003,销售及分销费用,390980000.0
01357.HK,01357,美图公司,10563891,2021-12-31 00:00:00,001,12-31,2021-01-01 00:00:00,004010004,行政开支,264993000.0
01357.HK,01357,美图公司,10563891,2021-12-31 00:00:00,001,12-31,2021-01-01 00:00:00,004010005,减值及拨备,248755000.0
01357.HK,01357,美图公司,10563891,2021-12-31 00:00:00,001,12-31,2021-01-01 00:00:00,004010010,研发费用,545490000.0
01357.HK,01357,美图公司,10563891,2021-12-31 00:00:00,001,12-31,2021-01-01 00:00:00,004010999,经营溢利,-11698000.0
01357.HK,01357,美图公司,10563891,2021-12-31 00:00:00,001,12-31,2021-01-01 00:00:00,004011200,利息收入,2401000.0
01357.HK,01357,美图公司,10563891,2021-12-31 00:00:00,001,12-31,2021-01-01 00:00:00,004011997,溢利其他项目,-1638000.0
01357.HK,01357,美图公司,10563891,2021-12-31 00:00:00,001,12-31,2021-01-01 00:00:00,004011999,除税前溢利,-10935000.0
01357.HK,01357,美图公司,10563891,2021-12-31 00:00:00,001,12-31,2021-01-01 00:00:00,004012001,税项,66495000.0
01357.HK,01357,美图公司,10563891,2021-12-31 00:00:00,001,12-31,2021-01-01 00:00:00,004012002,持续经营业务税后利润,-77430000.0
01357.HK,01357,美图公司,10563891,2021-12-31 00:00:00,001,12-31,2021-01-01 00:00:00,004012999,除税后溢利,-77430000.0
01357.HK,01357,美图公司,10563891,2021-12-31 00:00:00,001,12-31,2021-01-01 00:00:00,004025001,少数股东损益,-32916000.0
01357.HK,01357,美图公司,10563891,2021-12-31 00:00:00,001,12-31,2021-01-01 00:00:00,004025002,股东应占溢利,-44514000.0
01357.HK,01357,美图公司,10563891,2021-12-31 00:00:00,001,12-31,2021-01-01 00:00:00,004027002,每股基本盈利,-0.01
01357.HK,01357,美图公司,10563891,2021-12-31 00:00:00,001,12-31,2021-01-01 00:00:00,004027003,每股摊薄盈利,-0.01
01357.HK,01357,美图公司,10563891,2021-12-31 00:00:00,001,12-31,2021-01-01 00:00:00,004030997,其他全面收益其他项目,-15335000.0
01357.HK,01357,美图公司,10563891,2021-12-31 00:00:00,001,12-31,2021-01-01 00:00:00,004030999,其他全面收益,-15335000.0
01357.HK,01357,美图公司,10563891,2021-12-31 00:00:00,001,12-31,2021-01-01 00:00:00,004039999,全面收益总额,-92765000.0
01357.HK,01357,美图公司,10563891,2021-12-31 00:00:00,001,12-31,2021-01-01 00:00:00,004040001,非控股权益应占全面收益总额,-32900000.0
01357.HK,01357,美图公司,10563891,2021-12-31 00:00:00,001,12-31,2021-01-01 00:00:00,004040002,本公司拥有人应占全面收益总额,-59865000.0
01357.HK,01357,美图公司,10563891,2021-12-31 00:00:00,001,12-31,2021-01-01 00:00:00,004099999,非运算项目,-540942000.0
01357.HK,01357,美图公司,10563891,2020-12-31 00:00:00,001,12-31,2020-01-01 00:00:00,004001001,营业额,1194020000.0
01357.HK,01357,美图公司,10563891,2020-12-31 00:00:00,001,12-31,2020-01-01 00:00:00,004001999,营运收入,1194020000.0
01357.HK,01357,美图公司,10563891,2020-12-31 00:00:00,001,12-31,2020-01-01 00:00:00,004005001,营运支出,400149000.0
01357.HK,01357,美图公司,10563891,2020-12-31 00:00:00,001,12-31,2020-01-01 00:00:00,004007999,毛利,793871000.0
01357.HK,01357,美图公司,10563891,2020-12-31 00:00:00,001,12-31,2020-01-01 00:00:00,004010001,其他收入,38521000.0
01357.HK,01357,美图公司,10563891,2020-12-31 00:00:00,001,12-31,2020-01-01 00:00:00,004010002,其他收益,39000.0
01357.HK,01357,美图公司,10563891,2020-12-31 00:00:00,001,12-31,2020-01-01 00:00:00,004010003,销售及分销费用,287517000.0
01357.HK,01357,美图公司,10563891,2020-12-31 00:00:00,001,12-31,2020-01-01 00:00:00,004010004,行政开支,205902000.0
01357.HK,01357,美图公司,10563891,2020-12-31 00:00:00,001,12-31,2020-01-01 00:00:00,004010005,减值及拨备,5020000.0
01357.HK,01357,美图公司,10563891,2020-12-31 00:00:00,001,12-31,2020-01-01 00:00:00,004010010,研发费用,404213000.0
01357.HK,01357,美图公司,10563891,2020-12-31 00:00:00,001,12-31,2020-01-01 00:00:00,004010999,经营溢利,-70221000.0
01357.HK,01357,美图公司,10563891,2020-12-31 00:00:00,001,12-31,2020-01-01 00:00:00,004011200,利息收入,29556000.0
01357.HK,01357,美图公司,10563891,2020-12-31 00:00:00,001,12-31,2020-01-01 00:00:00,004011997,溢利其他项目,4561000.0
01357.HK,01357,美图公司,10563891,2020-12-31 00:00:00,001,12-31,2020-01-01 00:00:00,004011999,除税前溢利,-36104000.0
01357.HK,01357,美图公司,10563891,2020-12-31 00:00:00,001,12-31,2020-01-01 00:00:00,004012001,税项,24028000.0
01357.HK,01357,美图公司,10563891,2020-12-31 00:00:00,001,12-31,2020-01-01 00:00:00,004012002,持续经营业务税后利润,-60132000.0
01357.HK,01357,美图公司,10563891,2020-12-31 00:00:00,001,12-31,2020-01-01 00:00:00,004012999,除税后溢利,-60132000.0
01357.HK,01357,美图公司,10563891,2020-12-31 00:00:00,001,12-31,2020-01-01 00:00:00,004025001,少数股东损益,-19162000.0
01357.HK,01357,美图公司,10563891,2020-12-31 00:00:00,001,12-31,2020-01-01 00:00:00,004025002,股东应占溢利,-40970000.0
01357.HK,01357,美图公司,10563891,2020-12-31 00:00:00,001,12-31,2020-01-01 00:00:00,004027002,每股基本盈利,-0.01
01357.HK,01357,美图公司,10563891,2020-12-31 00:00:00,001,12-31,2020-01-01 00:00:00,004027003,每股摊薄盈利,-0.01
01357.HK,01357,美图公司,10563891,2020-12-31 00:00:00,001,12-31,2020-01-01 00:00:00,004030997,其他全面收益其他项目,-115241000.0
01357.HK,01357,美图公司,10563891,2020-12-31 00:00:00,001,12-31,2020-01-01 00:00:00,004030999,其他全面收益,-115241000.0
01357.HK,01357,美图公司,10563891,2020-12-31 00:00:00,001,12-31,2020-01-01 00:00:00,004039999,全面收益总额,-175373000.0
01357.HK,01357,美图公司,10563891,2020-12-31 00:00:00,001,12-31,2020-01-01 00:00:00,004040001,非控股权益应占全面收益总额,-18823000.0
01357.HK,01357,美图公司,10563891,2020-12-31 00:00:00,001,12-31,2020-01-01 00:00:00,004040002,本公司拥有人应占全面收益总额,-156550000.0
01357.HK,01357,美图公司,10563891,2020-12-31 00:00:00,001,12-31,2020-01-01 00:00:00,004099999,非运算项目,-400149000.0
01357.HK,01357,美图公司,10563891,2019-12-31 00:00:00,001,12-31,2019-01-01 00:00:00,004001001,营业额,977867000.0
01357.HK,01357,美图公司,10563891,2019-12-31 00:00:00,001,12-31,2019-01-01 00:00:00,004001999,营运收入,977867000.0
01357.HK,01357,美图公司,10563891,2019-12-31 00:00:00,001,12-31,2019-01-01 00:00:00,004005001,营运支出,278584000.0
01357.HK,01357,美图公司,10563891,2019-12-31 00:00:00,001,12-31,2019-01-01 00:00:00,004007999,毛利,699283000.0
01357.HK,01357,美图公司,10563891,2019-12-31 00:00:00,001,12-31,2019-01-01 00:00:00,004010001,其他收入,49486000.0
01357.HK,01357,美图公司,10563891,2019-12-31 00:00:00,001,12-31,2019-01-01 00:00:00,004010002,其他收益,-47551000.0
01357.HK,01357,美图公司,10563891,2019-12-31 00:00:00,001,12-31,2019-01-01 00:00:00,004010003,销售及分销费用,326457000.0
01357.HK,01357,美图公司,10563891,2019-12-31 00:00:00,001,12-31,2019-01-01 00:00:00,004010004,行政开支,250826000.0
01357.HK,01357,美图公司,10563891,2019-12-31 00:00:00,001,12-31,2019-01-01 00:00:00,004010005,减值及拨备,2882000.0
01357.HK,01357,美图公司,10563891,2019-12-31 00:00:00,001,12-31,2019-01-01 00:00:00,004010010,研发费用,500589000.0
01357.HK,01357,美图公司,10563891,2019-12-31 00:00:00,001,12-31,2019-01-01 00:00:00,004010999,经营溢利,-379536000.0
01357.HK,01357,美图公司,10563891,2019-12-31 00:00:00,001,12-31,2019-01-01 00:00:00,004011200,利息收入,45685000.0
01357.HK,01357,美图公司,10563891,2019-12-31 00:00:00,001,12-31,2019-01-01 00:00:00,004011997,溢利其他项目,-1226000.0
01357.HK,01357,美图公司,10563891,2019-12-31 00:00:00,001,12-31,2019-01-01 00:00:00,004011999,除税前溢利,-335077000.0
01357.HK,01357,美图公司,10563891,2019-12-31 00:00:00,001,12-31,2019-01-01 00:00:00,004012001,税项,8984000.0
01357.HK,01357,美图公司,10563891,2019-12-31 00:00:00,001,12-31,2019-01-01 00:00:00,004012002,持续经营业务税后利润,-344061000.0
01357.HK,01357,美图公司,10563891,2019-12-31 00:00:00,001,12-31,2019-01-01 00:00:00,004012003,终止或非持续业务溢利,-60759000.0
01357.HK,01357,美图公司,10563891,2019-12-31 00:00:00,001,12-31,2019-01-01 00:00:00,004012999,除税后溢利,-404820000.0
01357.HK,01357,美图公司,10563891,2019-12-31 00:00:00,001,12-31,2019-01-01 00:00:00,004025001,少数股东损益,-8298000.0
01357.HK,01357,美图公司,10563891,2019-12-31 00:00:00,001,12-31,2019-01-01 00:00:00,004025002,股东应占溢利,-396522000.0
01357.HK,01357,美图公司,10563891,2019-12-31 00:00:00,001,12-31,2019-01-01 00:00:00,004027002,每股基本盈利,-0.09
01357.HK,01357,美图公司,10563891,2019-12-31 00:00:00,001,12-31,2019-01-01 00:00:00,004027003,每股摊薄盈利,-0.09
01357.HK,01357,美图公司,10563891,2019-12-31 00:00:00,001,12-31,2019-01-01 00:00:00,004030997,其他全面收益其他项目,25552000.0
01357.HK,01357,美图公司,10563891,2019-12-31 00:00:00,001,12-31,2019-01-01 00:00:00,004030999,其他全面收益,25552000.0
01357.HK,01357,美图公司,10563891,2019-12-31 00:00:00,001,12-31,2019-01-01 00:00:00,004039999,全面收益总额,-379268000.0
01357.HK,01357,美图公司,10563891,2019-12-31 00:00:00,001,12-31,2019-01-01 00:00:00,004040001,非控股权益应占全面收益总额,-8015000.0
01357.HK,01357,美图公司,10563891,2019-12-31 00:00:00,001,12-31,2019-01-01 00:00:00,004040002,本公司拥有人应占全面收益总额,-371253000.0
01357.HK,01357,美图公司,10563891,2019-12-31 00:00:00,001,12-31,2019-01-01 00:00:00,004099999,非运算项目,-649837000.16
01357.HK,01357,美图公司,10563891,2018-12-31 00:00:00,001,12-31,2018-01-01 00:00:00,004001001,营业额,947671000.0
01357.HK,01357,美图公司,10563891,2018-12-31 00:00:00,001,12-31,2018-01-01 00:00:00,004001999,营运收入,947671000.0
01357.HK,01357,美图公司,10563891,2018-12-31 00:00:00,001,12-31,2018-01-01 00:00:00,004005001,营运支出,455541000.0
01357.HK,01357,美图公司,10563891,2018-12-31 00:00:00,001,12-31,2018-01-01 00:00:00,004007999,毛利,492130000.0
01357.HK,01357,美图公司,10563891,2018-12-31 00:00:00,001,12-31,2018-01-01 00:00:00,004010001,其他收入,38690000.0
01357.HK,01357,美图公司,10563891,2018-12-31 00:00:00,001,12-31,2018-01-01 00:00:00,004010002,其他收益,493265000.0
01357.HK,01357,美图公司,10563891,2018-12-31 00:00:00,001,12-31,2018-01-01 00:00:00,004010003,销售及分销费用,782698000.0
01357.HK,01357,美图公司,10563891,2018-12-31 00:00:00,001,12-31,2018-01-01 00:00:00,004010004,行政开支,274068000.0
01357.HK,01357,美图公司,10563891,2018-12-31 00:00:00,001,12-31,2018-01-01 00:00:00,004010005,减值及拨备,1897000.0
01357.HK,01357,美图公司,10563891,2018-12-31 00:00:00,001,12-31,2018-01-01 00:00:00,004010010,研发费用,517056000.0
01357.HK,01357,美图公司,10563891,2018-12-31 00:00:00,001,12-31,2018-01-01 00:00:00,004010999,经营溢利,-551634000.0
01357.HK,01357,美图公司,10563891,2018-12-31 00:00:00,001,12-31,2018-01-01 00:00:00,004011200,利息收入,39656000.0
01357.HK,01357,美图公司,10563891,2018-12-31 00:00:00,001,12-31,2018-01-01 00:00:00,004011997,溢利其他项目,-3382000.0
01357.HK,01357,美图公司,10563891,2018-12-31 00:00:00,001,12-31,2018-01-01 00:00:00,004011999,除税前溢利,-515360000.0
01357.HK,01357,美图公司,10563891,2018-12-31 00:00:00,001,12-31,2018-01-01 00:00:00,004012001,税项,17849000.0
01357.HK,01357,美图公司,10563891,2018-12-31 00:00:00,001,12-31,2018-01-01 00:00:00,004012002,持续经营业务税后利润,-533209000.0
01357.HK,01357,美图公司,10563891,2018-12-31 00:00:00,001,12-31,2018-01-01 00:00:00,004012003,终止或非持续业务溢利,-709857000.0
01357.HK,01357,美图公司,10563891,2018-12-31 00:00:00,001,12-31,2018-01-01 00:00:00,004012999,除税后溢利,-1243066000.0
01357.HK,01357,美图公司,10563891,2018-12-31 00:00:00,001,12-31,2018-01-01 00:00:00,004025001,少数股东损益,11471000.0
01357.HK,01357,美图公司,10563891,2018-12-31 00:00:00,001,12-31,2018-01-01 00:00:00,004025002,股东应占溢利,-1254537000.0
01357.HK,01357,美图公司,10563891,2018-12-31 00:00:00,001,12-31,2018-01-01 00:00:00,004027002,每股基本盈利,-0.3
01357.HK,01357,美图公司,10563891,2018-12-31 00:00:00,001,12-31,2018-01-01 00:00:00,004027003,每股摊薄盈利,-0.3
01357.HK,01357,美图公司,10563891,2018-12-31 00:00:00,001,12-31,2018-01-01 00:00:00,004030997,其他全面收益其他项目,136879000.0
01357.HK,01357,美图公司,10563891,2018-12-31 00:00:00,001,12-31,2018-01-01 00:00:00,004030999,其他全面收益,136879000.0
01357.HK,01357,美图公司,10563891,2018-12-31 00:00:00,001,12-31,2018-01-01 00:00:00,004039999,全面收益总额,-1106187000.0
01357.HK,01357,美图公司,10563891,2018-12-31 00:00:00,001,12-31,2018-01-01 00:00:00,004040001,非控股权益应占全面收益总额,11650000.0
01357.HK,01357,美图公司,10563891,2018-12-31 00:00:00,001,12-31,2018-01-01 00:00:00,004040002,本公司拥有人应占全面收益总额,-1117837000.0
01357.HK,01357,美图公司,10563891,2018-12-31 00:00:00,001,12-31,2018-01-01 00:00:00,004099999,非运算项目,-1117837000.26
01357.HK,01357,美图公司,10563891,2017-12-31 00:00:00,001,12-31,2017-01-01 00:00:00,004001001,营业额,4490376000.0
01357.HK,01357,美图公司,10563891,2017-12-31 00:00:00,001,12-31,2017-01-01 00:00:00,004001999,营运收入,4490376000.0
01357.HK,01357,美图公司,10563891,2017-12-31 00:00:00,001,12-31,2017-01-01 00:00:00,004005001,营运支出,3421255000.0
01357.HK,01357,美图公司,10563891,2017-12-31 00:00:00,001,12-31,2017-01-01 00:00:00,004007999,毛利,1069121000.0
01357.HK,01357,美图公司,10563891,2017-12-31 00:00:00,001,12-31,2017-01-01 00:00:00,004010001,其他收入,49364000.0
01357.HK,01357,美图公司,10563891,2017-12-31 00:00:00,001,12-31,2017-01-01 00:00:00,004010002,其他收益,-47248000.0
01357.HK,01357,美图公司,10563891,2017-12-31 00:00:00,001,12-31,2017-01-01 00:00:00,004010003,销售及分销费用,559197000.0
01357.HK,01357,美图公司,10563891,2017-12-31 00:00:00,001,12-31,2017-01-01 00:00:00,004010004,行政开支,210451000.0
01357.HK,01357,美图公司,10563891,2017-12-31 00:00:00,001,12-31,2017-01-01 00:00:00,004010010,研发费用,415803000.0
01357.HK,01357,美图公司,10563891,2017-12-31 00:00:00,001,12-31,2017-01-01 00:00:00,004010999,经营溢利,-114214000.0
01357.HK,01357,美图公司,10563891,2017-12-31 00:00:00,001,12-31,2017-01-01 00:00:00,004011200,利息收入,99664000.0
01357.HK,01357,美图公司,10563891,2017-12-31 00:00:00,001,12-31,2017-01-01 00:00:00,004011997,溢利其他项目,16000.0
01357.HK,01357,美图公司,10563891,2017-12-31 00:00:00,001,12-31,2017-01-01 00:00:00,004011999,除税前溢利,-14534000.0
01357.HK,01357,美图公司,10563891,2017-12-31 00:00:00,001,12-31,2017-01-01 00:00:00,004012001,税项,63568000.0
01357.HK,01357,美图公司,10563891,2017-12-31 00:00:00,001,12-31,2017-01-01 00:00:00,004012002,持续经营业务税后利润,-78102000.0
01357.HK,01357,美图公司,10563891,2017-12-31 00:00:00,001,12-31,2017-01-01 00:00:00,004012003,终止或非持续业务溢利,-119222000.0
01357.HK,01357,美图公司,10563891,2017-12-31 00:00:00,001,12-31,2017-01-01 00:00:00,004012999,除税后溢利,-197324000.0
01357.HK,01357,美图公司,10563891,2017-12-31 00:00:00,001,12-31,2017-01-01 00:00:00,004025002,股东应占溢利,-197324000.0
01357.HK,01357,美图公司,10563891,2017-12-31 00:00:00,001,12-31,2017-01-01 00:00:00,004027002,每股基本盈利,-0.05
01357.HK,01357,美图公司,10563891,2017-12-31 00:00:00,001,12-31,2017-01-01 00:00:00,004027003,每股摊薄盈利,-0.05
01357.HK,01357,美图公司,10563891,2017-12-31 00:00:00,001,12-31,2017-01-01 00:00:00,004030997,其他全面收益其他项目,-296302000.0
01357.HK,01357,美图公司,10563891,2017-12-31 00:00:00,001,12-31,2017-01-01 00:00:00,004030999,其他全面收益,-296302000.0
01357.HK,01357,美图公司,10563891,2017-12-31 00:00:00,001,12-31,2017-01-01 00:00:00,004039999,全面收益总额,-493626000.0
01357.HK,01357,美图公司,10563891,2017-12-31 00:00:00,001,12-31,2017-01-01 00:00:00,004040002,本公司拥有人应占全面收益总额,-493626000.0
01357.HK,01357,美图公司,10563891,2016-12-31 00:00:00,001,12-31,2016-01-01 00:00:00,004001001,营业额,1578580000.0
01357.HK,01357,美图公司,10563891,2016-12-31 00:00:00,001,12-31,2016-01-01 00:00:00,004001999,营运收入,1578580000.0
01357.HK,01357,美图公司,10563891,2016-12-31 00:00:00,001,12-31,2016-01-01 00:00:00,004005001,营运支出,1339420000.0
01357.HK,01357,美图公司,10563891,2016-12-31 00:00:00,001,12-31,2016-01-01 00:00:00,004007999,毛利,239160000.0
01357.HK,01357,美图公司,10563891,2016-12-31 00:00:00,001,12-31,2016-01-01 00:00:00,004010001,其他收入,12980000.0
01357.HK,01357,美图公司,10563891,2016-12-31 00:00:00,001,12-31,2016-01-01 00:00:00,004010003,销售及分销费用,424845000.0
01357.HK,01357,美图公司,10563891,2016-12-31 00:00:00,001,12-31,2016-01-01 00:00:00,004010004,行政开支,198586000.0
01357.HK,01357,美图公司,10563891,2016-12-31 00:00:00,001,12-31,2016-01-01 00:00:00,004010006,重估盈余,-5606109000.0
01357.HK,01357,美图公司,10563891,2016-12-31 00:00:00,001,12-31,2016-01-01 00:00:00,004010010,研发费用,243261000.0
01357.HK,01357,美图公司,10563891,2016-12-31 00:00:00,001,12-31,2016-01-01 00:00:00,004010012,其他支出,37658000.0
01357.HK,01357,美图公司,10563891,2016-12-31 00:00:00,001,12-31,2016-01-01 00:00:00,004010999,经营溢利,-6258319000.0
01357.HK,01357,美图公司,10563891,2016-12-31 00:00:00,001,12-31,2016-01-01 00:00:00,004011200,利息收入,-981000.0
01357.HK,01357,美图公司,10563891,2016-12-31 00:00:00,001,12-31,2016-01-01 00:00:00,004011997,溢利其他项目,-512000.0
01357.HK,01357,美图公司,10563891,2016-12-31 00:00:00,001,12-31,2016-01-01 00:00:00,004011999,除税前溢利,-6259812000.0
01357.HK,01357,美图公司,10563891,2016-12-31 00:00:00,001,12-31,2016-01-01 00:00:00,004012001,税项,1068000.0
01357.HK,01357,美图公司,10563891,2016-12-31 00:00:00,001,12-31,2016-01-01 00:00:00,004012999,除税后溢利,-6260880000.0
01357.HK,01357,美图公司,10563891,2016-12-31 00:00:00,001,12-31,2016-01-01 00:00:00,004025002,股东应占溢利,-6260880000.0
01357.HK,01357,美图公司,10563891,2016-12-31 00:00:00,001,12-31,2016-01-01 00:00:00,004027002,每股基本盈利,-3.03
01357.HK,01357,美图公司,10563891,2016-12-31 00:00:00,001,12-31,2016-01-01 00:00:00,004027003,每股摊薄盈利,-3.03
01357.HK,01357,美图公司,10563891,2016-12-31 00:00:00,001,12-31,2016-01-01 00:00:00,004030997,其他全面收益其他项目,-531007000.0
01357.HK,01357,美图公司,10563891,2016-12-31 00:00:00,001,12-31,2016-01-01 00:00:00,004030999,其他全面收益,-531007000.0
01357.HK,01357,美图公司,10563891,2016-12-31 00:00:00,001,12-31,2016-01-01 00:00:00,004039999,全面收益总额,-6791887000.0
01357.HK,01357,美图公司,10563891,2016-12-31 00:00:00,001,12-31,2016-01-01 00:00:00,004040002,本公司拥有人应占全面收益总额,-6791887000.0
01357.HK,01357,美图公司,10563891,2015-12-31 00:00:00,001,12-31,2015-01-01 00:00:00,004001001,营业额,741813000.0
01357.HK,01357,美图公司,10563891,2015-12-31 00:00:00,001,12-31,2015-01-01 00:00:00,004001999,营运收入,741813000.0
01357.HK,01357,美图公司,10563891,2015-12-31 00:00:00,001,12-31,2015-01-01 00:00:00,004005001,营运支出,641323000.0
01357.HK,01357,美图公司,10563891,2015-12-31 00:00:00,001,12-31,2015-01-01 00:00:00,004007999,毛利,100490000.0
01357.HK,01357,美图公司,10563891,2015-12-31 00:00:00,001,12-31,2015-01-01 00:00:00,004010001,其他收入,11085000.0
01357.HK,01357,美图公司,10563891,2015-12-31 00:00:00,001,12-31,2015-01-01 00:00:00,004010003,销售及分销费用,649092000.0
01357.HK,01357,美图公司,10563891,2015-12-31 00:00:00,001,12-31,2015-01-01 00:00:00,004010004,行政开支,94742000.0
01357.HK,01357,美图公司,10563891,2015-12-31 00:00:00,001,12-31,2015-01-01 00:00:00,004010006,重估盈余,-1482643000.0
01357.HK,01357,美图公司,10563891,2015-12-31 00:00:00,001,12-31,2015-01-01 00:00:00,004010010,研发费用,119605000.0
01357.HK,01357,美图公司,10563891,2015-12-31 00:00:00,001,12-31,2015-01-01 00:00:00,004010012,其他支出,858000.0
01357.HK,01357,美图公司,10563891,2015-12-31 00:00:00,001,12-31,2015-01-01 00:00:00,004010999,经营溢利,-2235365000.0
01357.HK,01357,美图公司,10563891,2015-12-31 00:00:00,001,12-31,2015-01-01 00:00:00,004011200,利息收入,19053000.0
01357.HK,01357,美图公司,10563891,2015-12-31 00:00:00,001,12-31,2015-01-01 00:00:00,004011201,融资成本,155000.0
01357.HK,01357,美图公司,10563891,2015-12-31 00:00:00,001,12-31,2015-01-01 00:00:00,004011997,溢利其他项目,-319000.0
01357.HK,01357,美图公司,10563891,2015-12-31 00:00:00,001,12-31,2015-01-01 00:00:00,004011999,除税前溢利,-2216786000.0
01357.HK,01357,美图公司,10563891,2015-12-31 00:00:00,001,12-31,2015-01-01 00:00:00,004012001,税项,771000.0
01357.HK,01357,美图公司,10563891,2015-12-31 00:00:00,001,12-31,2015-01-01 00:00:00,004012999,除税后溢利,-2217557000.0
01357.HK,01357,美图公司,10563891,2015-12-31 00:00:00,001,12-31,2015-01-01 00:00:00,004025002,股东应占溢利,-2217557000.0
01357.HK,01357,美图公司,10563891,2015-12-31 00:00:00,001,12-31,2015-01-01 00:00:00,004027002,每股基本盈利,-1.13
01357.HK,01357,美图公司,10563891,2015-12-31 00:00:00,001,12-31,2015-01-01 00:00:00,004027003,每股摊薄盈利,-1.13
01357.HK,01357,美图公司,10563891,2015-12-31 00:00:00,001,12-31,2015-01-01 00:00:00,004030997,其他全面收益其他项目,-229719000.0
01357.HK,01357,美图公司,10563891,2015-12-31 00:00:00,001,12-31,2015-01-01 00:00:00,004030999,其他全面收益,-229719000.0
01357.HK,01357,美图公司,10563891,2015-12-31 00:00:00,001,12-31,2015-01-01 00:00:00,004039999,全面收益总额,-2447276000.0
01357.HK,01357,美图公司,10563891,2015-12-31 00:00:00,001,12-31,2015-01-01 00:00:00,004040002,本公司拥有人应占全面收益总额,-2447276000.0
01357.HK,01357,美图公司,10563891,2015-12-31 00:00:00,001,12-31,2015-01-01 00:00:00,004099999,非运算项目,-733824000.0
01357.HK,01357,美图公司,10563891,2014-12-31 00:00:00,001,12-31,2014-01-01 00:00:00,004001001,营业额,488049000.0
01357.HK,01357,美图公司,10563891,2014-12-31 00:00:00,001,12-31,2014-01-01 00:00:00,004001999,营运收入,488049000.0
01357.HK,01357,美图公司,10563891,2014-12-31 00:00:00,001,12-31,2014-01-01 00:00:00,004005002,销售成本,401376000.0
01357.HK,01357,美图公司,10563891,2014-12-31 00:00:00,001,12-31,2014-01-01 00:00:00,004007999,毛利,86673000.0
01357.HK,01357,美图公司,10563891,2014-12-31 00:00:00,001,12-31,2014-01-01 00:00:00,004010001,其他收入,3430000.0
01357.HK,01357,美图公司,10563891,2014-12-31 00:00:00,001,12-31,2014-01-01 00:00:00,004010003,销售及分销费用,120955000.0
01357.HK,01357,美图公司,10563891,2014-12-31 00:00:00,001,12-31,2014-01-01 00:00:00,004010004,行政开支,38281000.0
01357.HK,01357,美图公司,10563891,2014-12-31 00:00:00,001,12-31,2014-01-01 00:00:00,004010006,重估盈余,-1651464000.0
01357.HK,01357,美图公司,10563891,2014-12-31 00:00:00,001,12-31,2014-01-01 00:00:00,004010010,研发费用,50149000.0
01357.HK,01357,美图公司,10563891,2014-12-31 00:00:00,001,12-31,2014-01-01 00:00:00,004010012,其他支出,164000.0
01357.HK,01357,美图公司,10563891,2014-12-31 00:00:00,001,12-31,2014-01-01 00:00:00,004010999,经营溢利,-1770910000.0
01357.HK,01357,美图公司,10563891,2014-12-31 00:00:00,001,12-31,2014-01-01 00:00:00,004011200,利息收入,4567000.0
01357.HK,01357,美图公司,10563891,2014-12-31 00:00:00,001,12-31,2014-01-01 00:00:00,004011201,融资成本,1296000.0
01357.HK,01357,美图公司,10563891,2014-12-31 00:00:00,001,12-31,2014-01-01 00:00:00,004011999,除税前溢利,-1767639000.0
01357.HK,01357,美图公司,10563891,2014-12-31 00:00:00,001,12-31,2014-01-01 00:00:00,004012001,税项,4697000.0
01357.HK,01357,美图公司,10563891,2014-12-31 00:00:00,001,12-31,2014-01-01 00:00:00,004012999,除税后溢利,-1772336000.0
01357.HK,01357,美图公司,10563891,2014-12-31 00:00:00,001,12-31,2014-01-01 00:00:00,004025002,股东应占溢利,-1772336000.0
01357.HK,01357,美图公司,10563891,2014-12-31 00:00:00,001,12-31,2014-01-01 00:00:00,004027002,每股基本盈利,-9.0
01357.HK,01357,美图公司,10563891,2014-12-31 00:00:00,001,12-31,2014-01-01 00:00:00,004027003,每股摊薄盈利,-9.0
01357.HK,01357,美图公司,10563891,2014-12-31 00:00:00,001,12-31,2014-01-01 00:00:00,004030997,其他全面收益其他项目,8904000.0
01357.HK,01357,美图公司,10563891,2014-12-31 00:00:00,001,12-31,2014-01-01 00:00:00,004030999,其他全面收益,8904000.0
01357.HK,01357,美图公司,10563891,2014-12-31 00:00:00,001,12-31,2014-01-01 00:00:00,004039999,全面收益总额,-1763432000.0
01357.HK,01357,美图公司,10563891,2014-12-31 00:00:00,001,12-31,2014-01-01 00:00:00,004040002,本公司拥有人应占全面收益总额,-1763432000.0
01357.HK,01357,美图公司,10563891,2014-12-31 00:00:00,001,12-31,2014-01-01 00:00:00,004099999,非运算项目,-116175000.0
01357.HK,01357,美图公司,10563891,2013-12-31 00:00:00,001,12-31,2013-01-01 00:00:00,004001001,营业额,85877000.0
01357.HK,01357,美图公司,10563891,2013-12-31 00:00:00,001,12-31,2013-01-01 00:00:00,004001999,营运收入,85877000.0
01357.HK,01357,美图公司,10563891,2013-12-31 00:00:00,001,12-31,2013-01-01 00:00:00,004005002,销售成本,36272000.0
01357.HK,01357,美图公司,10563891,2013-12-31 00:00:00,001,12-31,2013-01-01 00:00:00,004007999,毛利,49605000.0
01357.HK,01357,美图公司,10563891,2013-12-31 00:00:00,001,12-31,2013-01-01 00:00:00,004010001,其他收入,115000.0
01357.HK,01357,美图公司,10563891,2013-12-31 00:00:00,001,12-31,2013-01-01 00:00:00,004010003,销售及分销费用,16201000.0
01357.HK,01357,美图公司,10563891,2013-12-31 00:00:00,001,12-31,2013-01-01 00:00:00,004010004,行政开支,14134000.0
01357.HK,01357,美图公司,10563891,2013-12-31 00:00:00,001,12-31,2013-01-01 00:00:00,004010006,重估盈余,-23501000.0
01357.HK,01357,美图公司,10563891,2013-12-31 00:00:00,001,12-31,2013-01-01 00:00:00,004010010,研发费用,16478000.0
01357.HK,01357,美图公司,10563891,2013-12-31 00:00:00,001,12-31,2013-01-01 00:00:00,004010012,其他支出,77000.0
01357.HK,01357,美图公司,10563891,2013-12-31 00:00:00,001,12-31,2013-01-01 00:00:00,004010999,经营溢利,-20671000.0
01357.HK,01357,美图公司,10563891,2013-12-31 00:00:00,001,12-31,2013-01-01 00:00:00,004011200,利息收入,187000.0
01357.HK,01357,美图公司,10563891,2013-12-31 00:00:00,001,12-31,2013-01-01 00:00:00,004011201,融资成本,4891000.0
01357.HK,01357,美图公司,10563891,2013-12-31 00:00:00,001,12-31,2013-01-01 00:00:00,004011999,除税前溢利,-25375000.0
01357.HK,01357,美图公司,10563891,2013-12-31 00:00:00,001,12-31,2013-01-01 00:00:00,004012001,税项,438000.0
01357.HK,01357,美图公司,10563891,2013-12-31 00:00:00,001,12-31,2013-01-01 00:00:00,004012999,除税后溢利,-25813000.0
01357.HK,01357,美图公司,10563891,2013-12-31 00:00:00,001,12-31,2013-01-01 00:00:00,004025002,股东应占溢利,-25813000.0
01357.HK,01357,美图公司,10563891,2013-12-31 00:00:00,001,12-31,2013-01-01 00:00:00,004027002,每股基本盈利,-0.23
01357.HK,01357,美图公司,10563891,2013-12-31 00:00:00,001,12-31,2013-01-01 00:00:00,004027003,每股摊薄盈利,-0.23
01357.HK,01357,美图公司,10563891,2013-12-31 00:00:00,001,12-31,2013-01-01 00:00:00,004030997,其他全面收益其他项目,229000.0
01357.HK,01357,美图公司,10563891,2013-12-31 00:00:00,001,12-31,2013-01-01 00:00:00,004030999,其他全面收益,229000.0
01357.HK,01357,美图公司,10563891,2013-12-31 00:00:00,001,12-31,2013-01-01 00:00:00,004039999,全面收益总额,-25584000.0
01357.HK,01357,美图公司,10563891,2013-12-31 00:00:00,001,12-31,2013-01-01 00:00:00,004040002,本公司拥有人应占全面收益总额,-25584000.0
01357.HK,01357,美图公司,10563891,2013-12-31 00:00:00,001,12-31,2013-01-01 00:00:00,004099999,非运算项目,-1874000.0
