SECUCODE,SECURITY_CODE,SECURITY_NAME_ABBR,ORG_CODE,REPORT_DATE,DATE_TYPE_CODE,FISCAL_YEAR,STD_ITEM_CODE,STD_ITEM_NAME,AMOUNT,STD_REPORT_DATE
01357.HK,01357,美图公司,10563891,2024-12-31 00:00:00,001,12-31,004001002,物业厂房及设备,469863000.0,2024-12-31 00:00:00
01357.HK,01357,美图公司,10563891,2024-12-31 00:00:00,001,12-31,004001004,无形资产,519602000.0,2024-12-31 00:00:00
01357.HK,01357,美图公司,10563891,2024-12-31 00:00:00,001,12-31,004001009,递延税项资产,9807000.0,2024-12-31 00:00:00
01357.HK,01357,美图公司,10563891,2024-12-31 00:00:00,001,12-31,004001010,预付款项,11436000.0,2024-12-31 00:00:00
01357.HK,01357,美图公司,10563891,2024-12-31 00:00:00,001,12-31,004001013,联营公司权益,96541000.0,2024-12-31 00:00:00
01357.HK,01357,美图公司,10563891,2024-12-31 00:00:00,001,12-31,004001017,长期投资,,2024-12-31 00:00:00
01357.HK,01357,美图公司,10563891,2024-12-31 00:00:00,001,12-31,004001022,指定以公允价值记账之金融资产,1316975000.0,2024-12-31 00:00:00
01357.HK,01357,美图公司,10563891,2024-12-31 00:00:00,001,12-31,004001030,中长期存款,42405000.0,2024-12-31 00:00:00
01357.HK,01357,美图公司,10563891,2024-12-31 00:00:00,001,12-31,004001997,非流动资产其他项目,52100000.0,2024-12-31 00:00:00
01357.HK,01357,美图公司,10563891,2024-12-31 00:00:00,001,12-31,004001999,非流动资产合计,2518729000.0,2024-12-31 00:00:00
01357.HK,01357,美图公司,10563891,2024-12-31 00:00:00,001,12-31,004002001,存货,73457000.0,2024-12-31 00:00:00
01357.HK,01357,美图公司,10563891,2024-12-31 00:00:00,001,12-31,004002003,应收帐款,407014000.0,2024-12-31 00:00:00
01357.HK,01357,美图公司,10563891,2024-12-31 00:00:00,001,12-31,004002005,预付款按金及其他应收款,921668000.0,2024-12-31 00:00:00
01357.HK,01357,美图公司,10563891,2024-12-31 00:00:00,001,12-31,004002008,短期投资,256880000.0,2024-12-31 00:00:00
01357.HK,01357,美图公司,10563891,2024-12-31 00:00:00,001,12-31,004002009,受限制存款及现金,33137000.0,2024-12-31 00:00:00
01357.HK,01357,美图公司,10563891,2024-12-31 00:00:00,001,12-31,004002010,现金及等价物,1301412000.0,2024-12-31 00:00:00
01357.HK,01357,美图公司,10563891,2024-12-31 00:00:00,001,12-31,004002011,短期存款,1398154000.0,2024-12-31 00:00:00
01357.HK,01357,美图公司,10563891,2024-12-31 00:00:00,001,12-31,004002023,合同资产,136226000.0,2024-12-31 00:00:00
01357.HK,01357,美图公司,10563891,2024-12-31 00:00:00,001,12-31,004002999,流动资产合计,4527948000.0,2024-12-31 00:00:00
01357.HK,01357,美图公司,10563891,2024-12-31 00:00:00,001,12-31,004009999,总资产,7046677000.0,2024-12-31 00:00:00
01357.HK,01357,美图公司,10563891,2024-12-31 00:00:00,001,12-31,004011001,应付帐款,786428000.0,2024-12-31 00:00:00
01357.HK,01357,美图公司,10563891,2024-12-31 00:00:00,001,12-31,004011002,应付票据,163627000.0,2024-12-31 00:00:00
01357.HK,01357,美图公司,10563891,2024-12-31 00:00:00,001,12-31,004011003,应付税项,87856000.0,2024-12-31 00:00:00
01357.HK,01357,美图公司,10563891,2024-12-31 00:00:00,001,12-31,004011006,融资租赁负债(流动),24596000.0,2024-12-31 00:00:00
01357.HK,01357,美图公司,10563891,2024-12-31 00:00:00,001,12-31,004011010,短期贷款,102890000.0,2024-12-31 00:00:00
01357.HK,01357,美图公司,10563891,2024-12-31 00:00:00,001,12-31,004011024,合同负债,654867000.0,2024-12-31 00:00:00
01357.HK,01357,美图公司,10563891,2024-12-31 00:00:00,001,12-31,004011999,流动负债合计,1820264000.0,2024-12-31 00:00:00
01357.HK,01357,美图公司,10563891,2024-12-31 00:00:00,001,12-31,004013999,净流动资产,2707684000.0,2024-12-31 00:00:00
01357.HK,01357,美图公司,10563891,2024-12-31 00:00:00,001,12-31,004015999,总资产减流动负债,5226413000.0,2024-12-31 00:00:00
01357.HK,01357,美图公司,10563891,2024-12-31 00:00:00,001,12-31,004020003,递延税项负债,166616000.0,2024-12-31 00:00:00
01357.HK,01357,美图公司,10563891,2024-12-31 00:00:00,001,12-31,004020005,融资租赁负债(非流动),27235000.0,2024-12-31 00:00:00
01357.HK,01357,美图公司,10563891,2024-12-31 00:00:00,001,12-31,004020999,非流动负债合计,193851000.0,2024-12-31 00:00:00
01357.HK,01357,美图公司,10563891,2024-12-31 00:00:00,001,12-31,004025999,总负债,2014115000.0,2024-12-31 00:00:00
01357.HK,01357,美图公司,10563891,2024-12-31 00:00:00,001,12-31,004027999,少数股东权益,5827000.0,2024-12-31 00:00:00
01357.HK,01357,美图公司,10563891,2024-12-31 00:00:00,001,12-31,004028999,净资产,5032562000.0,2024-12-31 00:00:00
01357.HK,01357,美图公司,10563891,2024-12-31 00:00:00,001,12-31,004030001,股本,287000.0,2024-12-31 00:00:00
01357.HK,01357,美图公司,10563891,2024-12-31 00:00:00,001,12-31,004030002,储备,220919000.0,2024-12-31 00:00:00
01357.HK,01357,美图公司,10563891,2024-12-31 00:00:00,001,12-31,004030003,股本溢价,7104304000.0,2024-12-31 00:00:00
01357.HK,01357,美图公司,10563891,2024-12-31 00:00:00,001,12-31,004030004,保留溢利(累计亏损),-2298775000.0,2024-12-31 00:00:00
01357.HK,01357,美图公司,10563891,2024-12-31 00:00:00,001,12-31,004030999,股东权益,5026735000.0,2024-12-31 00:00:00
01357.HK,01357,美图公司,10563891,2024-12-31 00:00:00,001,12-31,004036999,总权益,5032562000.0,2024-12-31 00:00:00
01357.HK,01357,美图公司,10563891,2024-12-31 00:00:00,001,12-31,004037999,总权益及非流动负债,5226413000.0,2024-12-31 00:00:00
01357.HK,01357,美图公司,10563891,2024-12-31 00:00:00,001,12-31,004039999,总权益及总负债,7046677000.0,2024-12-31 00:00:00
01357.HK,01357,美图公司,10563891,2023-12-31 00:00:00,001,12-31,004001002,物业厂房及设备,464129000.0,2023-12-31 00:00:00
01357.HK,01357,美图公司,10563891,2023-12-31 00:00:00,001,12-31,004001004,无形资产,775754000.0,2023-12-31 00:00:00
01357.HK,01357,美图公司,10563891,2023-12-31 00:00:00,001,12-31,004001009,递延税项资产,9291000.0,2023-12-31 00:00:00
01357.HK,01357,美图公司,10563891,2023-12-31 00:00:00,001,12-31,004001010,预付款项,20243000.0,2023-12-31 00:00:00
01357.HK,01357,美图公司,10563891,2023-12-31 00:00:00,001,12-31,004001013,联营公司权益,122306000.0,2023-12-31 00:00:00
01357.HK,01357,美图公司,10563891,2023-12-31 00:00:00,001,12-31,004001017,长期投资,,2023-12-31 00:00:00
01357.HK,01357,美图公司,10563891,2023-12-31 00:00:00,001,12-31,004001022,指定以公允价值记账之金融资产,1441154000.0,2023-12-31 00:00:00
01357.HK,01357,美图公司,10563891,2023-12-31 00:00:00,001,12-31,004001030,中长期存款,90000000.0,2023-12-31 00:00:00
01357.HK,01357,美图公司,10563891,2023-12-31 00:00:00,001,12-31,004001997,非流动资产其他项目,75513000.0,2023-12-31 00:00:00
01357.HK,01357,美图公司,10563891,2023-12-31 00:00:00,001,12-31,004001999,非流动资产合计,2998390000.0,2023-12-31 00:00:00
01357.HK,01357,美图公司,10563891,2023-12-31 00:00:00,001,12-31,004002001,存货,53838000.0,2023-12-31 00:00:00
01357.HK,01357,美图公司,10563891,2023-12-31 00:00:00,001,12-31,004002003,应收帐款,387747000.0,2023-12-31 00:00:00
01357.HK,01357,美图公司,10563891,2023-12-31 00:00:00,001,12-31,004002005,预付款按金及其他应收款,919635000.0,2023-12-31 00:00:00
01357.HK,01357,美图公司,10563891,2023-12-31 00:00:00,001,12-31,004002008,短期投资,140850000.0,2023-12-31 00:00:00
01357.HK,01357,美图公司,10563891,2023-12-31 00:00:00,001,12-31,004002009,受限制存款及现金,300000.0,2023-12-31 00:00:00
01357.HK,01357,美图公司,10563891,2023-12-31 00:00:00,001,12-31,004002010,现金及等价物,640629000.0,2023-12-31 00:00:00
01357.HK,01357,美图公司,10563891,2023-12-31 00:00:00,001,12-31,004002011,短期存款,532959000.0,2023-12-31 00:00:00
01357.HK,01357,美图公司,10563891,2023-12-31 00:00:00,001,12-31,004002023,合同资产,92838000.0,2023-12-31 00:00:00
01357.HK,01357,美图公司,10563891,2023-12-31 00:00:00,001,12-31,004002999,流动资产合计,2768796000.0,2023-12-31 00:00:00
01357.HK,01357,美图公司,10563891,2023-12-31 00:00:00,001,12-31,004009999,总资产,5767186000.0,2023-12-31 00:00:00
01357.HK,01357,美图公司,10563891,2023-12-31 00:00:00,001,12-31,004011001,应付帐款,735209000.0,2023-12-31 00:00:00
01357.HK,01357,美图公司,10563891,2023-12-31 00:00:00,001,12-31,004011002,应付票据,134571000.0,2023-12-31 00:00:00
01357.HK,01357,美图公司,10563891,2023-12-31 00:00:00,001,12-31,004011003,应付税项,60689000.0,2023-12-31 00:00:00
01357.HK,01357,美图公司,10563891,2023-12-31 00:00:00,001,12-31,004011006,融资租赁负债(流动),29955000.0,2023-12-31 00:00:00
01357.HK,01357,美图公司,10563891,2023-12-31 00:00:00,001,12-31,004011010,短期贷款,14980000.0,2023-12-31 00:00:00
01357.HK,01357,美图公司,10563891,2023-12-31 00:00:00,001,12-31,004011024,合同负债,423585000.0,2023-12-31 00:00:00
01357.HK,01357,美图公司,10563891,2023-12-31 00:00:00,001,12-31,004011999,流动负债合计,1398989000.0,2023-12-31 00:00:00
01357.HK,01357,美图公司,10563891,2023-12-31 00:00:00,001,12-31,004013999,净流动资产,1369807000.0,2023-12-31 00:00:00
01357.HK,01357,美图公司,10563891,2023-12-31 00:00:00,001,12-31,004015999,总资产减流动负债,4368197000.0,2023-12-31 00:00:00
01357.HK,01357,美图公司,10563891,2023-12-31 00:00:00,001,12-31,004020003,递延税项负债,209151000.0,2023-12-31 00:00:00
01357.HK,01357,美图公司,10563891,2023-12-31 00:00:00,001,12-31,004020005,融资租赁负债(非流动),45346000.0,2023-12-31 00:00:00
01357.HK,01357,美图公司,10563891,2023-12-31 00:00:00,001,12-31,004020999,非流动负债合计,254497000.0,2023-12-31 00:00:00
01357.HK,01357,美图公司,10563891,2023-12-31 00:00:00,001,12-31,004025999,总负债,1653486000.0,2023-12-31 00:00:00
01357.HK,01357,美图公司,10563891,2023-12-31 00:00:00,001,12-31,004027999,少数股东权益,4843000.0,2023-12-31 00:00:00
01357.HK,01357,美图公司,10563891,2023-12-31 00:00:00,001,12-31,004028999,净资产,4113700000.0,2023-12-31 00:00:00
01357.HK,01357,美图公司,10563891,2023-12-31 00:00:00,001,12-31,004030001,股本,283000.0,2023-12-31 00:00:00
01357.HK,01357,美图公司,10563891,2023-12-31 00:00:00,001,12-31,004030002,储备,83911000.0,2023-12-31 00:00:00
01357.HK,01357,美图公司,10563891,2023-12-31 00:00:00,001,12-31,004030003,股本溢价,7093781000.0,2023-12-31 00:00:00
01357.HK,01357,美图公司,10563891,2023-12-31 00:00:00,001,12-31,004030004,保留溢利(累计亏损),-3069118000.0,2023-12-31 00:00:00
01357.HK,01357,美图公司,10563891,2023-12-31 00:00:00,001,12-31,004030999,股东权益,4108857000.0,2023-12-31 00:00:00
01357.HK,01357,美图公司,10563891,2023-12-31 00:00:00,001,12-31,004036999,总权益,4113700000.0,2023-12-31 00:00:00
01357.HK,01357,美图公司,10563891,2023-12-31 00:00:00,001,12-31,004037999,总权益及非流动负债,4368197000.0,2023-12-31 00:00:00
01357.HK,01357,美图公司,10563891,2023-12-31 00:00:00,001,12-31,004039999,总权益及总负债,5767186000.0,2023-12-31 00:00:00
01357.HK,01357,美图公司,10563891,2022-12-31 00:00:00,001,12-31,004001002,物业厂房及设备,441239000.0,2022-12-31 00:00:00
01357.HK,01357,美图公司,10563891,2022-12-31 00:00:00,001,12-31,004001004,无形资产,659841000.0,2022-12-31 00:00:00
01357.HK,01357,美图公司,10563891,2022-12-31 00:00:00,001,12-31,004001009,递延税项资产,8937000.0,2022-12-31 00:00:00
01357.HK,01357,美图公司,10563891,2022-12-31 00:00:00,001,12-31,004001010,预付款项,5643000.0,2022-12-31 00:00:00
01357.HK,01357,美图公司,10563891,2022-12-31 00:00:00,001,12-31,004001013,联营公司权益,123733000.0,2022-12-31 00:00:00
01357.HK,01357,美图公司,10563891,2022-12-31 00:00:00,001,12-31,004001017,长期投资,,2022-12-31 00:00:00
01357.HK,01357,美图公司,10563891,2022-12-31 00:00:00,001,12-31,004001022,指定以公允价值记账之金融资产,1231245000.0,2022-12-31 00:00:00
01357.HK,01357,美图公司,10563891,2022-12-31 00:00:00,001,12-31,004001030,中长期存款,50000000.0,2022-12-31 00:00:00
01357.HK,01357,美图公司,10563891,2022-12-31 00:00:00,001,12-31,004001997,非流动资产其他项目,27870000.0,2022-12-31 00:00:00
01357.HK,01357,美图公司,10563891,2022-12-31 00:00:00,001,12-31,004001999,非流动资产合计,2548508000.0,2022-12-31 00:00:00
01357.HK,01357,美图公司,10563891,2022-12-31 00:00:00,001,12-31,004002001,存货,25591000.0,2022-12-31 00:00:00
01357.HK,01357,美图公司,10563891,2022-12-31 00:00:00,001,12-31,004002003,应收帐款,350633000.0,2022-12-31 00:00:00
01357.HK,01357,美图公司,10563891,2022-12-31 00:00:00,001,12-31,004002005,预付款按金及其他应收款,684914000.0,2022-12-31 00:00:00
01357.HK,01357,美图公司,10563891,2022-12-31 00:00:00,001,12-31,004002008,短期投资,40521000.0,2022-12-31 00:00:00
01357.HK,01357,美图公司,10563891,2022-12-31 00:00:00,001,12-31,004002009,受限制存款及现金,300000.0,2022-12-31 00:00:00
01357.HK,01357,美图公司,10563891,2022-12-31 00:00:00,001,12-31,004002010,现金及等价物,946602000.0,2022-12-31 00:00:00
01357.HK,01357,美图公司,10563891,2022-12-31 00:00:00,001,12-31,004002011,短期存款,352908000.0,2022-12-31 00:00:00
01357.HK,01357,美图公司,10563891,2022-12-31 00:00:00,001,12-31,004002023,合同资产,54371000.0,2022-12-31 00:00:00
01357.HK,01357,美图公司,10563891,2022-12-31 00:00:00,001,12-31,004002999,流动资产合计,2455840000.0,2022-12-31 00:00:00
01357.HK,01357,美图公司,10563891,2022-12-31 00:00:00,001,12-31,004009999,总资产,5004348000.0,2022-12-31 00:00:00
01357.HK,01357,美图公司,10563891,2022-12-31 00:00:00,001,12-31,004011001,应付帐款,734098000.0,2022-12-31 00:00:00
01357.HK,01357,美图公司,10563891,2022-12-31 00:00:00,001,12-31,004011003,应付税项,62739000.0,2022-12-31 00:00:00
01357.HK,01357,美图公司,10563891,2022-12-31 00:00:00,001,12-31,004011006,融资租赁负债(流动),16784000.0,2022-12-31 00:00:00
01357.HK,01357,美图公司,10563891,2022-12-31 00:00:00,001,12-31,004011010,短期贷款,10000000.0,2022-12-31 00:00:00
01357.HK,01357,美图公司,10563891,2022-12-31 00:00:00,001,12-31,004011024,合同负债,245243000.0,2022-12-31 00:00:00
01357.HK,01357,美图公司,10563891,2022-12-31 00:00:00,001,12-31,004011999,流动负债合计,1068864000.0,2022-12-31 00:00:00
01357.HK,01357,美图公司,10563891,2022-12-31 00:00:00,001,12-31,004013999,净流动资产,1386976000.0,2022-12-31 00:00:00
01357.HK,01357,美图公司,10563891,2022-12-31 00:00:00,001,12-31,004015999,总资产减流动负债,3935484000.0,2022-12-31 00:00:00
01357.HK,01357,美图公司,10563891,2022-12-31 00:00:00,001,12-31,004020003,递延税项负债,214600000.0,2022-12-31 00:00:00
01357.HK,01357,美图公司,10563891,2022-12-31 00:00:00,001,12-31,004020005,融资租赁负债(非流动),11370000.0,2022-12-31 00:00:00
01357.HK,01357,美图公司,10563891,2022-12-31 00:00:00,001,12-31,004020020,可转换可赎回优先股,,2022-12-31 00:00:00
01357.HK,01357,美图公司,10563891,2022-12-31 00:00:00,001,12-31,004020999,非流动负债合计,225970000.0,2022-12-31 00:00:00
01357.HK,01357,美图公司,10563891,2022-12-31 00:00:00,001,12-31,004025999,总负债,1294834000.0,2022-12-31 00:00:00
01357.HK,01357,美图公司,10563891,2022-12-31 00:00:00,001,12-31,004027999,少数股东权益,-60109000.0,2022-12-31 00:00:00
01357.HK,01357,美图公司,10563891,2022-12-31 00:00:00,001,12-31,004028999,净资产,3709514000.0,2022-12-31 00:00:00
01357.HK,01357,美图公司,10563891,2022-12-31 00:00:00,001,12-31,004030001,股本,283000.0,2022-12-31 00:00:00
01357.HK,01357,美图公司,10563891,2022-12-31 00:00:00,001,12-31,004030002,储备,36628000.0,2022-12-31 00:00:00
01357.HK,01357,美图公司,10563891,2022-12-31 00:00:00,001,12-31,004030003,股本溢价,7174119000.0,2022-12-31 00:00:00
01357.HK,01357,美图公司,10563891,2022-12-31 00:00:00,001,12-31,004030004,保留溢利(累计亏损),-3441407000.0,2022-12-31 00:00:00
01357.HK,01357,美图公司,10563891,2022-12-31 00:00:00,001,12-31,004030999,股东权益,3769623000.0,2022-12-31 00:00:00
01357.HK,01357,美图公司,10563891,2022-12-31 00:00:00,001,12-31,004036999,总权益,3709514000.0,2022-12-31 00:00:00
01357.HK,01357,美图公司,10563891,2022-12-31 00:00:00,001,12-31,004037999,总权益及非流动负债,3935484000.0,2022-12-31 00:00:00
01357.HK,01357,美图公司,10563891,2022-12-31 00:00:00,001,12-31,004039999,总权益及总负债,5004348000.0,2022-12-31 00:00:00
01357.HK,01357,美图公司,10563891,2021-12-31 00:00:00,001,12-31,004001002,物业厂房及设备,383183000.0,2021-12-31 00:00:00
01357.HK,01357,美图公司,10563891,2021-12-31 00:00:00,001,12-31,004001004,无形资产,777402000.0,2021-12-31 00:00:00
01357.HK,01357,美图公司,10563891,2021-12-31 00:00:00,001,12-31,004001009,递延税项资产,7018000.0,2021-12-31 00:00:00
01357.HK,01357,美图公司,10563891,2021-12-31 00:00:00,001,12-31,004001010,预付款项,19504000.0,2021-12-31 00:00:00
01357.HK,01357,美图公司,10563891,2021-12-31 00:00:00,001,12-31,004001017,长期投资,118133000.0,2021-12-31 00:00:00
01357.HK,01357,美图公司,10563891,2021-12-31 00:00:00,001,12-31,004001022,指定以公允价值记账之金融资产,838161000.0,2021-12-31 00:00:00
01357.HK,01357,美图公司,10563891,2021-12-31 00:00:00,001,12-31,004001030,中长期存款,30000000.0,2021-12-31 00:00:00
01357.HK,01357,美图公司,10563891,2021-12-31 00:00:00,001,12-31,004001997,非流动资产其他项目,41390000.0,2021-12-31 00:00:00
01357.HK,01357,美图公司,10563891,2021-12-31 00:00:00,001,12-31,004001999,非流动资产合计,2214791000.0,2021-12-31 00:00:00
01357.HK,01357,美图公司,10563891,2021-12-31 00:00:00,001,12-31,004002001,存货,4889000.0,2021-12-31 00:00:00
01357.HK,01357,美图公司,10563891,2021-12-31 00:00:00,001,12-31,004002003,应收帐款,356783000.0,2021-12-31 00:00:00
01357.HK,01357,美图公司,10563891,2021-12-31 00:00:00,001,12-31,004002005,预付款按金及其他应收款,912280000.0,2021-12-31 00:00:00
01357.HK,01357,美图公司,10563891,2021-12-31 00:00:00,001,12-31,004002008,短期投资,8000000.0,2021-12-31 00:00:00
01357.HK,01357,美图公司,10563891,2021-12-31 00:00:00,001,12-31,004002009,受限制存款及现金,500000.0,2021-12-31 00:00:00
01357.HK,01357,美图公司,10563891,2021-12-31 00:00:00,001,12-31,004002010,现金及等价物,738732000.0,2021-12-31 00:00:00
01357.HK,01357,美图公司,10563891,2021-12-31 00:00:00,001,12-31,004002011,短期存款,481459000.0,2021-12-31 00:00:00
01357.HK,01357,美图公司,10563891,2021-12-31 00:00:00,001,12-31,004002023,合同资产,29880000.0,2021-12-31 00:00:00
01357.HK,01357,美图公司,10563891,2021-12-31 00:00:00,001,12-31,004002999,流动资产合计,2532523000.0,2021-12-31 00:00:00
01357.HK,01357,美图公司,10563891,2021-12-31 00:00:00,001,12-31,004009999,总资产,4747314000.0,2021-12-31 00:00:00
01357.HK,01357,美图公司,10563891,2021-12-31 00:00:00,001,12-31,004011001,应付帐款,803915000.0,2021-12-31 00:00:00
01357.HK,01357,美图公司,10563891,2021-12-31 00:00:00,001,12-31,004011003,应付税项,55960000.0,2021-12-31 00:00:00
01357.HK,01357,美图公司,10563891,2021-12-31 00:00:00,001,12-31,004011006,融资租赁负债(流动),20631000.0,2021-12-31 00:00:00
01357.HK,01357,美图公司,10563891,2021-12-31 00:00:00,001,12-31,004011010,短期贷款,10000000.0,2021-12-31 00:00:00
01357.HK,01357,美图公司,10563891,2021-12-31 00:00:00,001,12-31,004011024,合同负债,158383000.0,2021-12-31 00:00:00
01357.HK,01357,美图公司,10563891,2021-12-31 00:00:00,001,12-31,004011999,流动负债合计,1048889000.0,2021-12-31 00:00:00
01357.HK,01357,美图公司,10563891,2021-12-31 00:00:00,001,12-31,004013999,净流动资产,1483634000.0,2021-12-31 00:00:00
01357.HK,01357,美图公司,10563891,2021-12-31 00:00:00,001,12-31,004015999,总资产减流动负债,3698425000.0,2021-12-31 00:00:00
01357.HK,01357,美图公司,10563891,2021-12-31 00:00:00,001,12-31,004020003,递延税项负债,80280000.0,2021-12-31 00:00:00
01357.HK,01357,美图公司,10563891,2021-12-31 00:00:00,001,12-31,004020005,融资租赁负债(非流动),17911000.0,2021-12-31 00:00:00
01357.HK,01357,美图公司,10563891,2021-12-31 00:00:00,001,12-31,004020009,长期应付款,84432000.0,2021-12-31 00:00:00
01357.HK,01357,美图公司,10563891,2021-12-31 00:00:00,001,12-31,004020999,非流动负债合计,182623000.0,2021-12-31 00:00:00
01357.HK,01357,美图公司,10563891,2021-12-31 00:00:00,001,12-31,004025999,总负债,1231512000.0,2021-12-31 00:00:00
01357.HK,01357,美图公司,10563891,2021-12-31 00:00:00,001,12-31,004027999,少数股东权益,-557000.0,2021-12-31 00:00:00
01357.HK,01357,美图公司,10563891,2021-12-31 00:00:00,001,12-31,004028999,净资产,3515802000.0,2021-12-31 00:00:00
01357.HK,01357,美图公司,10563891,2021-12-31 00:00:00,001,12-31,004030001,股本,281000.0,2021-12-31 00:00:00
01357.HK,01357,美图公司,10563891,2021-12-31 00:00:00,001,12-31,004030002,储备,-91642000.0,2021-12-31 00:00:00
01357.HK,01357,美图公司,10563891,2021-12-31 00:00:00,001,12-31,004030003,股本溢价,7136647000.0,2021-12-31 00:00:00
01357.HK,01357,美图公司,10563891,2021-12-31 00:00:00,001,12-31,004030004,保留溢利(累计亏损),-3528927000.0,2021-12-31 00:00:00
01357.HK,01357,美图公司,10563891,2021-12-31 00:00:00,001,12-31,004030999,股东权益,3516359000.0,2021-12-31 00:00:00
01357.HK,01357,美图公司,10563891,2021-12-31 00:00:00,001,12-31,004036999,总权益,3515802000.0,2021-12-31 00:00:00
01357.HK,01357,美图公司,10563891,2021-12-31 00:00:00,001,12-31,004037999,总权益及非流动负债,3698425000.0,2021-12-31 00:00:00
01357.HK,01357,美图公司,10563891,2021-12-31 00:00:00,001,12-31,004039999,总权益及总负债,4747314000.0,2021-12-31 00:00:00
01357.HK,01357,美图公司,10563891,2020-12-31 00:00:00,001,12-31,004001002,物业厂房及设备,360826000.0,2020-12-31 00:00:00
01357.HK,01357,美图公司,10563891,2020-12-31 00:00:00,001,12-31,004001004,无形资产,392954000.0,2020-12-31 00:00:00
01357.HK,01357,美图公司,10563891,2020-12-31 00:00:00,001,12-31,004001009,递延税项资产,3779000.0,2020-12-31 00:00:00
01357.HK,01357,美图公司,10563891,2020-12-31 00:00:00,001,12-31,004001010,预付款项,7890000.0,2020-12-31 00:00:00
01357.HK,01357,美图公司,10563891,2020-12-31 00:00:00,001,12-31,004001017,长期投资,83737000.0,2020-12-31 00:00:00
01357.HK,01357,美图公司,10563891,2020-12-31 00:00:00,001,12-31,004001022,指定以公允价值记账之金融资产,568544000.0,2020-12-31 00:00:00
01357.HK,01357,美图公司,10563891,2020-12-31 00:00:00,001,12-31,004001030,中长期存款,150000000.0,2020-12-31 00:00:00
01357.HK,01357,美图公司,10563891,2020-12-31 00:00:00,001,12-31,004001997,非流动资产其他项目,29844000.0,2020-12-31 00:00:00
01357.HK,01357,美图公司,10563891,2020-12-31 00:00:00,001,12-31,004001999,非流动资产合计,1597574000.0,2020-12-31 00:00:00
01357.HK,01357,美图公司,10563891,2020-12-31 00:00:00,001,12-31,004002001,存货,1476000.0,2020-12-31 00:00:00
01357.HK,01357,美图公司,10563891,2020-12-31 00:00:00,001,12-31,004002003,应收帐款,351017000.0,2020-12-31 00:00:00
01357.HK,01357,美图公司,10563891,2020-12-31 00:00:00,001,12-31,004002005,预付款按金及其他应收款,506240000.0,2020-12-31 00:00:00
01357.HK,01357,美图公司,10563891,2020-12-31 00:00:00,001,12-31,004002008,短期投资,20449000.0,2020-12-31 00:00:00
01357.HK,01357,美图公司,10563891,2020-12-31 00:00:00,001,12-31,004002009,受限制存款及现金,500000.0,2020-12-31 00:00:00
01357.HK,01357,美图公司,10563891,2020-12-31 00:00:00,001,12-31,004002010,现金及等价物,1158117000.0,2020-12-31 00:00:00
01357.HK,01357,美图公司,10563891,2020-12-31 00:00:00,001,12-31,004002011,短期存款,853450000.0,2020-12-31 00:00:00
01357.HK,01357,美图公司,10563891,2020-12-31 00:00:00,001,12-31,004002023,合同资产,18337000.0,2020-12-31 00:00:00
01357.HK,01357,美图公司,10563891,2020-12-31 00:00:00,001,12-31,004002999,流动资产合计,2909586000.0,2020-12-31 00:00:00
01357.HK,01357,美图公司,10563891,2020-12-31 00:00:00,001,12-31,004009999,总资产,4507160000.0,2020-12-31 00:00:00
01357.HK,01357,美图公司,10563891,2020-12-31 00:00:00,001,12-31,004011001,应付帐款,660364000.0,2020-12-31 00:00:00
01357.HK,01357,美图公司,10563891,2020-12-31 00:00:00,001,12-31,004011003,应付税项,50663000.0,2020-12-31 00:00:00
01357.HK,01357,美图公司,10563891,2020-12-31 00:00:00,001,12-31,004011006,融资租赁负债(流动),25979000.0,2020-12-31 00:00:00
01357.HK,01357,美图公司,10563891,2020-12-31 00:00:00,001,12-31,004011010,短期贷款,5000000.0,2020-12-31 00:00:00
01357.HK,01357,美图公司,10563891,2020-12-31 00:00:00,001,12-31,004011024,合同负债,71589000.0,2020-12-31 00:00:00
01357.HK,01357,美图公司,10563891,2020-12-31 00:00:00,001,12-31,004011999,流动负债合计,813595000.0,2020-12-31 00:00:00
01357.HK,01357,美图公司,10563891,2020-12-31 00:00:00,001,12-31,004013999,净流动资产,2095991000.0,2020-12-31 00:00:00
01357.HK,01357,美图公司,10563891,2020-12-31 00:00:00,001,12-31,004015999,总资产减流动负债,3693565000.0,2020-12-31 00:00:00
01357.HK,01357,美图公司,10563891,2020-12-31 00:00:00,001,12-31,004016999,总资产减总负债合计,3567835000.0,2020-12-31 00:00:00
01357.HK,01357,美图公司,10563891,2020-12-31 00:00:00,001,12-31,004020003,递延税项负债,41953000.0,2020-12-31 00:00:00
01357.HK,01357,美图公司,10563891,2020-12-31 00:00:00,001,12-31,004020005,融资租赁负债(非流动),2805000.0,2020-12-31 00:00:00
01357.HK,01357,美图公司,10563891,2020-12-31 00:00:00,001,12-31,004020009,长期应付款,80972000.0,2020-12-31 00:00:00
01357.HK,01357,美图公司,10563891,2020-12-31 00:00:00,001,12-31,004020999,非流动负债合计,125730000.0,2020-12-31 00:00:00
01357.HK,01357,美图公司,10563891,2020-12-31 00:00:00,001,12-31,004025999,总负债,939325000.0,2020-12-31 00:00:00
01357.HK,01357,美图公司,10563891,2020-12-31 00:00:00,001,12-31,004027999,少数股东权益,13905000.0,2020-12-31 00:00:00
01357.HK,01357,美图公司,10563891,2020-12-31 00:00:00,001,12-31,004028999,净资产,3567835000.0,2020-12-31 00:00:00
01357.HK,01357,美图公司,10563891,2020-12-31 00:00:00,001,12-31,004030001,股本,280000.0,2020-12-31 00:00:00
01357.HK,01357,美图公司,10563891,2020-12-31 00:00:00,001,12-31,004030002,储备,-107910000.0,2020-12-31 00:00:00
01357.HK,01357,美图公司,10563891,2020-12-31 00:00:00,001,12-31,004030003,股本溢价,7135115000.0,2020-12-31 00:00:00
01357.HK,01357,美图公司,10563891,2020-12-31 00:00:00,001,12-31,004030004,保留溢利(累计亏损),-3473555000.0,2020-12-31 00:00:00
01357.HK,01357,美图公司,10563891,2020-12-31 00:00:00,001,12-31,004030999,股东权益,3553930000.0,2020-12-31 00:00:00
01357.HK,01357,美图公司,10563891,2020-12-31 00:00:00,001,12-31,004036999,总权益,3567835000.0,2020-12-31 00:00:00
01357.HK,01357,美图公司,10563891,2020-12-31 00:00:00,001,12-31,004037999,总权益及非流动负债,3693565000.0,2020-12-31 00:00:00
01357.HK,01357,美图公司,10563891,2020-12-31 00:00:00,001,12-31,004039999,总权益及总负债,4507160000.0,2020-12-31 00:00:00
01357.HK,01357,美图公司,10563891,2019-12-31 00:00:00,001,12-31,004001002,物业厂房及设备,75058000.0,2019-12-31 00:00:00
01357.HK,01357,美图公司,10563891,2019-12-31 00:00:00,001,12-31,004001004,无形资产,497799000.0,2019-12-31 00:00:00
01357.HK,01357,美图公司,10563891,2019-12-31 00:00:00,001,12-31,004001009,递延税项资产,3037000.0,2019-12-31 00:00:00
01357.HK,01357,美图公司,10563891,2019-12-31 00:00:00,001,12-31,004001010,预付款项,9467000.0,2019-12-31 00:00:00
01357.HK,01357,美图公司,10563891,2019-12-31 00:00:00,001,12-31,004001017,长期投资,527971000.0,2019-12-31 00:00:00
01357.HK,01357,美图公司,10563891,2019-12-31 00:00:00,001,12-31,004001030,中长期存款,110000000.0,2019-12-31 00:00:00
01357.HK,01357,美图公司,10563891,2019-12-31 00:00:00,001,12-31,004001997,非流动资产其他项目,51455000.0,2019-12-31 00:00:00
01357.HK,01357,美图公司,10563891,2019-12-31 00:00:00,001,12-31,004001999,非流动资产合计,1274787000.0,2019-12-31 00:00:00
01357.HK,01357,美图公司,10563891,2019-12-31 00:00:00,001,12-31,004002001,存货,14307000.0,2019-12-31 00:00:00
01357.HK,01357,美图公司,10563891,2019-12-31 00:00:00,001,12-31,004002003,应收帐款,359965000.0,2019-12-31 00:00:00
01357.HK,01357,美图公司,10563891,2019-12-31 00:00:00,001,12-31,004002005,预付款按金及其他应收款,454559000.0,2019-12-31 00:00:00
01357.HK,01357,美图公司,10563891,2019-12-31 00:00:00,001,12-31,004002008,短期投资,,2019-12-31 00:00:00
01357.HK,01357,美图公司,10563891,2019-12-31 00:00:00,001,12-31,004002009,受限制存款及现金,500000.0,2019-12-31 00:00:00
01357.HK,01357,美图公司,10563891,2019-12-31 00:00:00,001,12-31,004002010,现金及等价物,864611000.0,2019-12-31 00:00:00
01357.HK,01357,美图公司,10563891,2019-12-31 00:00:00,001,12-31,004002011,短期存款,1646981000.0,2019-12-31 00:00:00
01357.HK,01357,美图公司,10563891,2019-12-31 00:00:00,001,12-31,004002023,合同资产,,2019-12-31 00:00:00
01357.HK,01357,美图公司,10563891,2019-12-31 00:00:00,001,12-31,004002999,流动资产合计,3340923000.0,2019-12-31 00:00:00
01357.HK,01357,美图公司,10563891,2019-12-31 00:00:00,001,12-31,004009999,总资产,4615710000.0,2019-12-31 00:00:00
01357.HK,01357,美图公司,10563891,2019-12-31 00:00:00,001,12-31,004011001,应付帐款,597486000.0,2019-12-31 00:00:00
01357.HK,01357,美图公司,10563891,2019-12-31 00:00:00,001,12-31,004011003,应付税项,44061000.0,2019-12-31 00:00:00
01357.HK,01357,美图公司,10563891,2019-12-31 00:00:00,001,12-31,004011006,融资租赁负债(流动),30757000.0,2019-12-31 00:00:00
01357.HK,01357,美图公司,10563891,2019-12-31 00:00:00,001,12-31,004011010,短期贷款,,2019-12-31 00:00:00
01357.HK,01357,美图公司,10563891,2019-12-31 00:00:00,001,12-31,004011024,合同负债,58947000.0,2019-12-31 00:00:00
01357.HK,01357,美图公司,10563891,2019-12-31 00:00:00,001,12-31,004011999,流动负债合计,731251000.0,2019-12-31 00:00:00
01357.HK,01357,美图公司,10563891,2019-12-31 00:00:00,001,12-31,004013999,净流动资产,2609672000.0,2019-12-31 00:00:00
01357.HK,01357,美图公司,10563891,2019-12-31 00:00:00,001,12-31,004015999,总资产减流动负债,3884459000.0,2019-12-31 00:00:00
01357.HK,01357,美图公司,10563891,2019-12-31 00:00:00,001,12-31,004016999,总资产减总负债合计,3735200000.0,2019-12-31 00:00:00
01357.HK,01357,美图公司,10563891,2019-12-31 00:00:00,001,12-31,004020003,递延税项负债,45518000.0,2019-12-31 00:00:00
01357.HK,01357,美图公司,10563891,2019-12-31 00:00:00,001,12-31,004020005,融资租赁负债(非流动),18647000.0,2019-12-31 00:00:00
01357.HK,01357,美图公司,10563891,2019-12-31 00:00:00,001,12-31,004020009,长期应付款,85094000.0,2019-12-31 00:00:00
01357.HK,01357,美图公司,10563891,2019-12-31 00:00:00,001,12-31,004020999,非流动负债合计,149259000.0,2019-12-31 00:00:00
01357.HK,01357,美图公司,10563891,2019-12-31 00:00:00,001,12-31,004025999,总负债,880510000.0,2019-12-31 00:00:00
01357.HK,01357,美图公司,10563891,2019-12-31 00:00:00,001,12-31,004027999,少数股东权益,97342000.0,2019-12-31 00:00:00
01357.HK,01357,美图公司,10563891,2019-12-31 00:00:00,001,12-31,004028999,净资产,3735200000.0,2019-12-31 00:00:00
01357.HK,01357,美图公司,10563891,2019-12-31 00:00:00,001,12-31,004030001,股本,280000.0,2019-12-31 00:00:00
01357.HK,01357,美图公司,10563891,2019-12-31 00:00:00,001,12-31,004030002,储备,-66455000.0,2019-12-31 00:00:00
01357.HK,01357,美图公司,10563891,2019-12-31 00:00:00,001,12-31,004030003,股本溢价,7133987000.0,2019-12-31 00:00:00
01357.HK,01357,美图公司,10563891,2019-12-31 00:00:00,001,12-31,004030004,保留溢利(累计亏损),-3429954000.0,2019-12-31 00:00:00
01357.HK,01357,美图公司,10563891,2019-12-31 00:00:00,001,12-31,004030999,股东权益,3637858000.0,2019-12-31 00:00:00
01357.HK,01357,美图公司,10563891,2019-12-31 00:00:00,001,12-31,004036999,总权益,3735200000.0,2019-12-31 00:00:00
01357.HK,01357,美图公司,10563891,2019-12-31 00:00:00,001,12-31,004037999,总权益及非流动负债,3884459000.0,2019-12-31 00:00:00
01357.HK,01357,美图公司,10563891,2019-12-31 00:00:00,001,12-31,004039999,总权益及总负债,4615710000.0,2019-12-31 00:00:00
01357.HK,01357,美图公司,10563891,2018-12-31 00:00:00,001,12-31,004001002,物业厂房及设备,153061000.0,2018-12-31 00:00:00
01357.HK,01357,美图公司,10563891,2018-12-31 00:00:00,001,12-31,004001004,无形资产,203305000.0,2018-12-31 00:00:00
01357.HK,01357,美图公司,10563891,2018-12-31 00:00:00,001,12-31,004001009,递延税项资产,1203000.0,2018-12-31 00:00:00
01357.HK,01357,美图公司,10563891,2018-12-31 00:00:00,001,12-31,004001010,预付款项,14823000.0,2018-12-31 00:00:00
01357.HK,01357,美图公司,10563891,2018-12-31 00:00:00,001,12-31,004001017,长期投资,16540000.0,2018-12-31 00:00:00
01357.HK,01357,美图公司,10563891,2018-12-31 00:00:00,001,12-31,004001022,指定以公允价值记账之金融资产,554474000.0,2018-12-31 00:00:00
01357.HK,01357,美图公司,10563891,2018-12-31 00:00:00,001,12-31,004001030,中长期存款,,2018-12-31 00:00:00
01357.HK,01357,美图公司,10563891,2018-12-31 00:00:00,001,12-31,004001997,非流动资产其他项目,,2018-12-31 00:00:00
01357.HK,01357,美图公司,10563891,2018-12-31 00:00:00,001,12-31,004001999,非流动资产合计,943406000.0,2018-12-31 00:00:00
01357.HK,01357,美图公司,10563891,2018-12-31 00:00:00,001,12-31,004002001,存货,359439000.0,2018-12-31 00:00:00
01357.HK,01357,美图公司,10563891,2018-12-31 00:00:00,001,12-31,004002003,应收帐款,521817000.0,2018-12-31 00:00:00
01357.HK,01357,美图公司,10563891,2018-12-31 00:00:00,001,12-31,004002005,预付款按金及其他应收款,569784000.0,2018-12-31 00:00:00
01357.HK,01357,美图公司,10563891,2018-12-31 00:00:00,001,12-31,004002009,受限制存款及现金,1000000.0,2018-12-31 00:00:00
01357.HK,01357,美图公司,10563891,2018-12-31 00:00:00,001,12-31,004002010,现金及等价物,531618000.0,2018-12-31 00:00:00
01357.HK,01357,美图公司,10563891,2018-12-31 00:00:00,001,12-31,004002011,短期存款,2161908000.0,2018-12-31 00:00:00
01357.HK,01357,美图公司,10563891,2018-12-31 00:00:00,001,12-31,004002999,流动资产合计,4145566000.0,2018-12-31 00:00:00
01357.HK,01357,美图公司,10563891,2018-12-31 00:00:00,001,12-31,004009999,总资产,5088972000.0,2018-12-31 00:00:00
01357.HK,01357,美图公司,10563891,2018-12-31 00:00:00,001,12-31,004011001,应付帐款,885418000.0,2018-12-31 00:00:00
01357.HK,01357,美图公司,10563891,2018-12-31 00:00:00,001,12-31,004011003,应付税项,51094000.0,2018-12-31 00:00:00
01357.HK,01357,美图公司,10563891,2018-12-31 00:00:00,001,12-31,004011006,融资租赁负债(流动),,2018-12-31 00:00:00
01357.HK,01357,美图公司,10563891,2018-12-31 00:00:00,001,12-31,004011010,短期贷款,10000000.0,2018-12-31 00:00:00
01357.HK,01357,美图公司,10563891,2018-12-31 00:00:00,001,12-31,004011024,合同负债,32382000.0,2018-12-31 00:00:00
01357.HK,01357,美图公司,10563891,2018-12-31 00:00:00,001,12-31,004011999,流动负债合计,978894000.0,2018-12-31 00:00:00
01357.HK,01357,美图公司,10563891,2018-12-31 00:00:00,001,12-31,004013999,净流动资产,3166672000.0,2018-12-31 00:00:00
01357.HK,01357,美图公司,10563891,2018-12-31 00:00:00,001,12-31,004015999,总资产减流动负债,4110078000.0,2018-12-31 00:00:00
01357.HK,01357,美图公司,10563891,2018-12-31 00:00:00,001,12-31,004016999,总资产减总负债合计,3959930000.0,2018-12-31 00:00:00
01357.HK,01357,美图公司,10563891,2018-12-31 00:00:00,001,12-31,004020003,递延税项负债,12171000.0,2018-12-31 00:00:00
01357.HK,01357,美图公司,10563891,2018-12-31 00:00:00,001,12-31,004020005,融资租赁负债(非流动),,2018-12-31 00:00:00
01357.HK,01357,美图公司,10563891,2018-12-31 00:00:00,001,12-31,004020009,长期应付款,137977000.0,2018-12-31 00:00:00
01357.HK,01357,美图公司,10563891,2018-12-31 00:00:00,001,12-31,004020999,非流动负债合计,150148000.0,2018-12-31 00:00:00
01357.HK,01357,美图公司,10563891,2018-12-31 00:00:00,001,12-31,004025999,总负债,1129042000.0,2018-12-31 00:00:00
01357.HK,01357,美图公司,10563891,2018-12-31 00:00:00,001,12-31,004027999,少数股东权益,119233000.0,2018-12-31 00:00:00
01357.HK,01357,美图公司,10563891,2018-12-31 00:00:00,001,12-31,004028999,净资产,3959930000.0,2018-12-31 00:00:00
01357.HK,01357,美图公司,10563891,2018-12-31 00:00:00,001,12-31,004030001,股本,274000.0,2018-12-31 00:00:00
01357.HK,01357,美图公司,10563891,2018-12-31 00:00:00,001,12-31,004030002,储备,-168766000.0,2018-12-31 00:00:00
01357.HK,01357,美图公司,10563891,2018-12-31 00:00:00,001,12-31,004030003,股本溢价,7040940000.0,2018-12-31 00:00:00
01357.HK,01357,美图公司,10563891,2018-12-31 00:00:00,001,12-31,004030004,保留溢利(累计亏损),-3031751000.0,2018-12-31 00:00:00
01357.HK,01357,美图公司,10563891,2018-12-31 00:00:00,001,12-31,004030999,股东权益,3840697000.0,2018-12-31 00:00:00
01357.HK,01357,美图公司,10563891,2018-12-31 00:00:00,001,12-31,004036999,总权益,3959930000.0,2018-12-31 00:00:00
01357.HK,01357,美图公司,10563891,2018-12-31 00:00:00,001,12-31,004037999,总权益及非流动负债,4110078000.0,2018-12-31 00:00:00
01357.HK,01357,美图公司,10563891,2018-12-31 00:00:00,001,12-31,004039999,总权益及总负债,5088972000.0,2018-12-31 00:00:00
01357.HK,01357,美图公司,10563891,2017-12-31 00:00:00,001,12-31,004001002,物业厂房及设备,91898000.0,2017-12-31 00:00:00
01357.HK,01357,美图公司,10563891,2017-12-31 00:00:00,001,12-31,004001004,无形资产,21298000.0,2017-12-31 00:00:00
01357.HK,01357,美图公司,10563891,2017-12-31 00:00:00,001,12-31,004001009,递延税项资产,9784000.0,2017-12-31 00:00:00
01357.HK,01357,美图公司,10563891,2017-12-31 00:00:00,001,12-31,004001010,预付款项,64305000.0,2017-12-31 00:00:00
01357.HK,01357,美图公司,10563891,2017-12-31 00:00:00,001,12-31,004001017,长期投资,34949000.0,2017-12-31 00:00:00
01357.HK,01357,美图公司,10563891,2017-12-31 00:00:00,001,12-31,004001022,指定以公允价值记账之金融资产,280863000.0,2017-12-31 00:00:00
01357.HK,01357,美图公司,10563891,2017-12-31 00:00:00,001,12-31,004001999,非流动资产合计,503097000.0,2017-12-31 00:00:00
01357.HK,01357,美图公司,10563891,2017-12-31 00:00:00,001,12-31,004002001,存货,658416000.0,2017-12-31 00:00:00
01357.HK,01357,美图公司,10563891,2017-12-31 00:00:00,001,12-31,004002003,应收帐款,307388000.0,2017-12-31 00:00:00
01357.HK,01357,美图公司,10563891,2017-12-31 00:00:00,001,12-31,004002005,预付款按金及其他应收款,160182000.0,2017-12-31 00:00:00
01357.HK,01357,美图公司,10563891,2017-12-31 00:00:00,001,12-31,004002009,受限制存款及现金,1000000.0,2017-12-31 00:00:00
01357.HK,01357,美图公司,10563891,2017-12-31 00:00:00,001,12-31,004002010,现金及等价物,1396632000.0,2017-12-31 00:00:00
01357.HK,01357,美图公司,10563891,2017-12-31 00:00:00,001,12-31,004002011,短期存款,3774807000.0,2017-12-31 00:00:00
01357.HK,01357,美图公司,10563891,2017-12-31 00:00:00,001,12-31,004002999,流动资产合计,6298425000.0,2017-12-31 00:00:00
01357.HK,01357,美图公司,10563891,2017-12-31 00:00:00,001,12-31,004009999,总资产,6801522000.0,2017-12-31 00:00:00
01357.HK,01357,美图公司,10563891,2017-12-31 00:00:00,001,12-31,004011001,应付帐款,1119560000.0,2017-12-31 00:00:00
01357.HK,01357,美图公司,10563891,2017-12-31 00:00:00,001,12-31,004011003,应付税项,39922000.0,2017-12-31 00:00:00
01357.HK,01357,美图公司,10563891,2017-12-31 00:00:00,001,12-31,004011010,短期贷款,,2017-12-31 00:00:00
01357.HK,01357,美图公司,10563891,2017-12-31 00:00:00,001,12-31,004011024,合同负债,,2017-12-31 00:00:00
01357.HK,01357,美图公司,10563891,2017-12-31 00:00:00,001,12-31,004011999,流动负债合计,1159482000.0,2017-12-31 00:00:00
01357.HK,01357,美图公司,10563891,2017-12-31 00:00:00,001,12-31,004013999,净流动资产,5138943000.0,2017-12-31 00:00:00
01357.HK,01357,美图公司,10563891,2017-12-31 00:00:00,001,12-31,004015999,总资产减流动负债,5642040000.0,2017-12-31 00:00:00
01357.HK,01357,美图公司,10563891,2017-12-31 00:00:00,001,12-31,004016999,总资产减总负债合计,5642040000.0,2017-12-31 00:00:00
01357.HK,01357,美图公司,10563891,2017-12-31 00:00:00,001,12-31,004020003,递延税项负债,,2017-12-31 00:00:00
01357.HK,01357,美图公司,10563891,2017-12-31 00:00:00,001,12-31,004020009,长期应付款,,2017-12-31 00:00:00
01357.HK,01357,美图公司,10563891,2017-12-31 00:00:00,001,12-31,004020999,非流动负债合计,,2017-12-31 00:00:00
01357.HK,01357,美图公司,10563891,2017-12-31 00:00:00,001,12-31,004025999,总负债,1159482000.0,2017-12-31 00:00:00
01357.HK,01357,美图公司,10563891,2017-12-31 00:00:00,001,12-31,004027999,少数股东权益,,2017-12-31 00:00:00
01357.HK,01357,美图公司,10563891,2017-12-31 00:00:00,001,12-31,004028999,净资产,5642040000.0,2017-12-31 00:00:00
01357.HK,01357,美图公司,10563891,2017-12-31 00:00:00,001,12-31,004030001,股本,280000.0,2017-12-31 00:00:00
01357.HK,01357,美图公司,10563891,2017-12-31 00:00:00,001,12-31,004030002,储备,-263065000.0,2017-12-31 00:00:00
01357.HK,01357,美图公司,10563891,2017-12-31 00:00:00,001,12-31,004030003,股本溢价,7679137000.0,2017-12-31 00:00:00
01357.HK,01357,美图公司,10563891,2017-12-31 00:00:00,001,12-31,004030004,保留溢利(累计亏损),-1774312000.0,2017-12-31 00:00:00
01357.HK,01357,美图公司,10563891,2017-12-31 00:00:00,001,12-31,004030999,股东权益,5642040000.0,2017-12-31 00:00:00
01357.HK,01357,美图公司,10563891,2017-12-31 00:00:00,001,12-31,004036999,总权益,5642040000.0,2017-12-31 00:00:00
01357.HK,01357,美图公司,10563891,2017-12-31 00:00:00,001,12-31,004037999,总权益及非流动负债,5642040000.0,2017-12-31 00:00:00
01357.HK,01357,美图公司,10563891,2017-12-31 00:00:00,001,12-31,004039999,总权益及总负债,6801522000.0,2017-12-31 00:00:00
01357.HK,01357,美图公司,10563891,2016-12-31 00:00:00,001,12-31,004001002,物业厂房及设备,79647000.0,2016-12-31 00:00:00
01357.HK,01357,美图公司,10563891,2016-12-31 00:00:00,001,12-31,004001004,无形资产,21705000.0,2016-12-31 00:00:00
01357.HK,01357,美图公司,10563891,2016-12-31 00:00:00,001,12-31,004001009,递延税项资产,,2016-12-31 00:00:00
01357.HK,01357,美图公司,10563891,2016-12-31 00:00:00,001,12-31,004001010,预付款项,50319000.0,2016-12-31 00:00:00
01357.HK,01357,美图公司,10563891,2016-12-31 00:00:00,001,12-31,004001013,联营公司权益,6128000.0,2016-12-31 00:00:00
01357.HK,01357,美图公司,10563891,2016-12-31 00:00:00,001,12-31,004001022,指定以公允价值记账之金融资产,300279000.0,2016-12-31 00:00:00
01357.HK,01357,美图公司,10563891,2016-12-31 00:00:00,001,12-31,004001027,可供出售投资,,2016-12-31 00:00:00
01357.HK,01357,美图公司,10563891,2016-12-31 00:00:00,001,12-31,004001999,非流动资产合计,458078000.0,2016-12-31 00:00:00
01357.HK,01357,美图公司,10563891,2016-12-31 00:00:00,001,12-31,004002001,存货,374342000.0,2016-12-31 00:00:00
01357.HK,01357,美图公司,10563891,2016-12-31 00:00:00,001,12-31,004002003,应收帐款,86138000.0,2016-12-31 00:00:00
01357.HK,01357,美图公司,10563891,2016-12-31 00:00:00,001,12-31,004002005,预付款按金及其他应收款,116736000.0,2016-12-31 00:00:00
01357.HK,01357,美图公司,10563891,2016-12-31 00:00:00,001,12-31,004002008,短期投资,280820000.0,2016-12-31 00:00:00
01357.HK,01357,美图公司,10563891,2016-12-31 00:00:00,001,12-31,004002009,受限制存款及现金,400000.0,2016-12-31 00:00:00
01357.HK,01357,美图公司,10563891,2016-12-31 00:00:00,001,12-31,004002010,现金及等价物,4508522000.0,2016-12-31 00:00:00
01357.HK,01357,美图公司,10563891,2016-12-31 00:00:00,001,12-31,004002011,短期存款,725229000.0,2016-12-31 00:00:00
01357.HK,01357,美图公司,10563891,2016-12-31 00:00:00,001,12-31,004002999,流动资产合计,6092187000.0,2016-12-31 00:00:00
01357.HK,01357,美图公司,10563891,2016-12-31 00:00:00,001,12-31,004009999,总资产,6550265000.0,2016-12-31 00:00:00
01357.HK,01357,美图公司,10563891,2016-12-31 00:00:00,001,12-31,004011001,应付帐款,532166000.0,2016-12-31 00:00:00
01357.HK,01357,美图公司,10563891,2016-12-31 00:00:00,001,12-31,004011003,应付税项,857000.0,2016-12-31 00:00:00
01357.HK,01357,美图公司,10563891,2016-12-31 00:00:00,001,12-31,004011999,流动负债合计,533023000.0,2016-12-31 00:00:00
01357.HK,01357,美图公司,10563891,2016-12-31 00:00:00,001,12-31,004013999,净流动资产,5559164000.0,2016-12-31 00:00:00
01357.HK,01357,美图公司,10563891,2016-12-31 00:00:00,001,12-31,004015999,总资产减流动负债,6017242000.0,2016-12-31 00:00:00
01357.HK,01357,美图公司,10563891,2016-12-31 00:00:00,001,12-31,004016999,总资产减总负债合计,6017242000.0,2016-12-31 00:00:00
01357.HK,01357,美图公司,10563891,2016-12-31 00:00:00,001,12-31,004025999,总负债,533023000.0,2016-12-31 00:00:00
01357.HK,01357,美图公司,10563891,2016-12-31 00:00:00,001,12-31,004028999,净资产,6017242000.0,2016-12-31 00:00:00
01357.HK,01357,美图公司,10563891,2016-12-31 00:00:00,001,12-31,004030001,股本,277000.0,2016-12-31 00:00:00
01357.HK,01357,美图公司,10563891,2016-12-31 00:00:00,001,12-31,004030002,储备,-666751000.0,2016-12-31 00:00:00
01357.HK,01357,美图公司,10563891,2016-12-31 00:00:00,001,12-31,004030003,股本溢价,17015854000.0,2016-12-31 00:00:00
01357.HK,01357,美图公司,10563891,2016-12-31 00:00:00,001,12-31,004030004,保留溢利(累计亏损),-10332138000.0,2016-12-31 00:00:00
01357.HK,01357,美图公司,10563891,2016-12-31 00:00:00,001,12-31,004030999,股东权益,6017242000.0,2016-12-31 00:00:00
01357.HK,01357,美图公司,10563891,2016-12-31 00:00:00,001,12-31,004036999,总权益,6017242000.0,2016-12-31 00:00:00
01357.HK,01357,美图公司,10563891,2016-12-31 00:00:00,001,12-31,004037999,总权益及非流动负债,6017242000.0,2016-12-31 00:00:00
01357.HK,01357,美图公司,10563891,2016-12-31 00:00:00,001,12-31,004039999,总权益及总负债,6550265000.0,2016-12-31 00:00:00
01357.HK,01357,美图公司,10563891,2015-12-31 00:00:00,001,12-31,004001002,物业厂房及设备,53374000.0,2015-12-31 00:00:00
01357.HK,01357,美图公司,10563891,2015-12-31 00:00:00,001,12-31,004001004,无形资产,21136000.0,2015-12-31 00:00:00
01357.HK,01357,美图公司,10563891,2015-12-31 00:00:00,001,12-31,004001010,预付款项,36162000.0,2015-12-31 00:00:00
01357.HK,01357,美图公司,10563891,2015-12-31 00:00:00,001,12-31,004001017,长期投资,151303000.0,2015-12-31 00:00:00
01357.HK,01357,美图公司,10563891,2015-12-31 00:00:00,001,12-31,004001999,非流动资产合计,261975000.0,2015-12-31 00:00:00
01357.HK,01357,美图公司,10563891,2015-12-31 00:00:00,001,12-31,004002001,存货,125901000.0,2015-12-31 00:00:00
01357.HK,01357,美图公司,10563891,2015-12-31 00:00:00,001,12-31,004002003,应收帐款,46567000.0,2015-12-31 00:00:00
01357.HK,01357,美图公司,10563891,2015-12-31 00:00:00,001,12-31,004002005,预付款按金及其他应收款,53512000.0,2015-12-31 00:00:00
01357.HK,01357,美图公司,10563891,2015-12-31 00:00:00,001,12-31,004002008,短期投资,170389000.0,2015-12-31 00:00:00
01357.HK,01357,美图公司,10563891,2015-12-31 00:00:00,001,12-31,004002009,受限制存款及现金,600000.0,2015-12-31 00:00:00
01357.HK,01357,美图公司,10563891,2015-12-31 00:00:00,001,12-31,004002010,现金及等价物,989874000.0,2015-12-31 00:00:00
01357.HK,01357,美图公司,10563891,2015-12-31 00:00:00,001,12-31,004002011,短期存款,60000000.0,2015-12-31 00:00:00
01357.HK,01357,美图公司,10563891,2015-12-31 00:00:00,001,12-31,004002999,流动资产合计,1446843000.0,2015-12-31 00:00:00
01357.HK,01357,美图公司,10563891,2015-12-31 00:00:00,001,12-31,004009999,总资产,1708818000.0,2015-12-31 00:00:00
01357.HK,01357,美图公司,10563891,2015-12-31 00:00:00,001,12-31,004011001,应付帐款,274180000.0,2015-12-31 00:00:00
01357.HK,01357,美图公司,10563891,2015-12-31 00:00:00,001,12-31,004011003,应付税项,553000.0,2015-12-31 00:00:00
01357.HK,01357,美图公司,10563891,2015-12-31 00:00:00,001,12-31,004011999,流动负债合计,274733000.0,2015-12-31 00:00:00
01357.HK,01357,美图公司,10563891,2015-12-31 00:00:00,001,12-31,004013999,净流动资产,1172110000.0,2015-12-31 00:00:00
01357.HK,01357,美图公司,10563891,2015-12-31 00:00:00,001,12-31,004015999,总资产减流动负债,1434085000.0,2015-12-31 00:00:00
01357.HK,01357,美图公司,10563891,2015-12-31 00:00:00,001,12-31,004016999,总资产减总负债合计,-4247807000.0,2015-12-31 00:00:00
01357.HK,01357,美图公司,10563891,2015-12-31 00:00:00,001,12-31,004020020,可转换可赎回优先股,5681892000.0,2015-12-31 00:00:00
01357.HK,01357,美图公司,10563891,2015-12-31 00:00:00,001,12-31,004020999,非流动负债合计,5681892000.0,2015-12-31 00:00:00
01357.HK,01357,美图公司,10563891,2015-12-31 00:00:00,001,12-31,004025999,总负债,5956625000.0,2015-12-31 00:00:00
01357.HK,01357,美图公司,10563891,2015-12-31 00:00:00,001,12-31,004028999,净资产,-4247807000.0,2015-12-31 00:00:00
01357.HK,01357,美图公司,10563891,2015-12-31 00:00:00,001,12-31,004030001,股本,121000.0,2015-12-31 00:00:00
01357.HK,01357,美图公司,10563891,2015-12-31 00:00:00,001,12-31,004030002,储备,-176787000.0,2015-12-31 00:00:00
01357.HK,01357,美图公司,10563891,2015-12-31 00:00:00,001,12-31,004030003,股本溢价,,2015-12-31 00:00:00
01357.HK,01357,美图公司,10563891,2015-12-31 00:00:00,001,12-31,004030004,保留溢利(累计亏损),-4071141000.0,2015-12-31 00:00:00
01357.HK,01357,美图公司,10563891,2015-12-31 00:00:00,001,12-31,004030999,股东权益,-4247807000.0,2015-12-31 00:00:00
01357.HK,01357,美图公司,10563891,2015-12-31 00:00:00,001,12-31,004036999,总权益,-4247807000.0,2015-12-31 00:00:00
01357.HK,01357,美图公司,10563891,2015-12-31 00:00:00,001,12-31,004037999,总权益及非流动负债,1434085000.0,2015-12-31 00:00:00
01357.HK,01357,美图公司,10563891,2015-12-31 00:00:00,001,12-31,004039999,总权益及总负债,1708818000.0,2015-12-31 00:00:00
01357.HK,01357,美图公司,10563891,2014-12-31 00:00:00,001,12-31,004001002,物业厂房及设备,16099000.0,2014-12-31 00:00:00
01357.HK,01357,美图公司,10563891,2014-12-31 00:00:00,001,12-31,004001004,无形资产,19822000.0,2014-12-31 00:00:00
01357.HK,01357,美图公司,10563891,2014-12-31 00:00:00,001,12-31,004001010,预付款项,4919000.0,2014-12-31 00:00:00
01357.HK,01357,美图公司,10563891,2014-12-31 00:00:00,001,12-31,004001013,联营公司权益,,2014-12-31 00:00:00
01357.HK,01357,美图公司,10563891,2014-12-31 00:00:00,001,12-31,004001022,指定以公允价值记账之金融资产,,2014-12-31 00:00:00
01357.HK,01357,美图公司,10563891,2014-12-31 00:00:00,001,12-31,004001027,可供出售投资,,2014-12-31 00:00:00
01357.HK,01357,美图公司,10563891,2014-12-31 00:00:00,001,12-31,004001999,非流动资产合计,40840000.0,2014-12-31 00:00:00
01357.HK,01357,美图公司,10563891,2014-12-31 00:00:00,001,12-31,004002001,存货,12756000.0,2014-12-31 00:00:00
01357.HK,01357,美图公司,10563891,2014-12-31 00:00:00,001,12-31,004002003,应收帐款,19401000.0,2014-12-31 00:00:00
01357.HK,01357,美图公司,10563891,2014-12-31 00:00:00,001,12-31,004002005,预付款按金及其他应收款,13648000.0,2014-12-31 00:00:00
01357.HK,01357,美图公司,10563891,2014-12-31 00:00:00,001,12-31,004002008,短期投资,170318000.0,2014-12-31 00:00:00
01357.HK,01357,美图公司,10563891,2014-12-31 00:00:00,001,12-31,004002009,受限制存款及现金,200000.0,2014-12-31 00:00:00
01357.HK,01357,美图公司,10563891,2014-12-31 00:00:00,001,12-31,004002010,现金及等价物,1288345000.0,2014-12-31 00:00:00
01357.HK,01357,美图公司,10563891,2014-12-31 00:00:00,001,12-31,004002011,短期存款,266176000.0,2014-12-31 00:00:00
01357.HK,01357,美图公司,10563891,2014-12-31 00:00:00,001,12-31,004002999,流动资产合计,1770844000.0,2014-12-31 00:00:00
01357.HK,01357,美图公司,10563891,2014-12-31 00:00:00,001,12-31,004009999,总资产,1811684000.0,2014-12-31 00:00:00
01357.HK,01357,美图公司,10563891,2014-12-31 00:00:00,001,12-31,004011001,应付帐款,42268000.0,2014-12-31 00:00:00
01357.HK,01357,美图公司,10563891,2014-12-31 00:00:00,001,12-31,004011003,应付税项,2232000.0,2014-12-31 00:00:00
01357.HK,01357,美图公司,10563891,2014-12-31 00:00:00,001,12-31,004011999,流动负债合计,44500000.0,2014-12-31 00:00:00
01357.HK,01357,美图公司,10563891,2014-12-31 00:00:00,001,12-31,004013999,净流动资产,1726344000.0,2014-12-31 00:00:00
01357.HK,01357,美图公司,10563891,2014-12-31 00:00:00,001,12-31,004015999,总资产减流动负债,1767184000.0,2014-12-31 00:00:00
01357.HK,01357,美图公司,10563891,2014-12-31 00:00:00,001,12-31,004020010,其他非流动负债,856660000.0,2014-12-31 00:00:00
01357.HK,01357,美图公司,10563891,2014-12-31 00:00:00,001,12-31,004020020,可转换可赎回优先股,2735481000.0,2014-12-31 00:00:00
01357.HK,01357,美图公司,10563891,2014-12-31 00:00:00,001,12-31,004020999,非流动负债合计,3592141000.0,2014-12-31 00:00:00
01357.HK,01357,美图公司,10563891,2014-12-31 00:00:00,001,12-31,004025999,总负债,3636641000.0,2014-12-31 00:00:00
01357.HK,01357,美图公司,10563891,2014-12-31 00:00:00,001,12-31,004028999,净资产,-1824957000.0,2014-12-31 00:00:00
01357.HK,01357,美图公司,10563891,2014-12-31 00:00:00,001,12-31,004030001,股本,121000.0,2014-12-31 00:00:00
01357.HK,01357,美图公司,10563891,2014-12-31 00:00:00,001,12-31,004030002,储备,28022000.0,2014-12-31 00:00:00
01357.HK,01357,美图公司,10563891,2014-12-31 00:00:00,001,12-31,004030004,保留溢利(累计亏损),-1853100000.0,2014-12-31 00:00:00
01357.HK,01357,美图公司,10563891,2014-12-31 00:00:00,001,12-31,004030999,股东权益,-1824957000.0,2014-12-31 00:00:00
01357.HK,01357,美图公司,10563891,2014-12-31 00:00:00,001,12-31,004036999,总权益,-1824957000.0,2014-12-31 00:00:00
01357.HK,01357,美图公司,10563891,2014-12-31 00:00:00,001,12-31,004037999,总权益及非流动负债,1767184000.0,2014-12-31 00:00:00
01357.HK,01357,美图公司,10563891,2014-12-31 00:00:00,001,12-31,004039999,总权益及总负债,1811684000.0,2014-12-31 00:00:00
01357.HK,01357,美图公司,10563891,2013-12-31 00:00:00,001,12-31,004001002,物业厂房及设备,2417000.0,2013-12-31 00:00:00
01357.HK,01357,美图公司,10563891,2013-12-31 00:00:00,001,12-31,004001004,无形资产,2730000.0,2013-12-31 00:00:00
01357.HK,01357,美图公司,10563891,2013-12-31 00:00:00,001,12-31,004001010,预付款项,2314000.0,2013-12-31 00:00:00
01357.HK,01357,美图公司,10563891,2013-12-31 00:00:00,001,12-31,004001013,联营公司权益,,2013-12-31 00:00:00
01357.HK,01357,美图公司,10563891,2013-12-31 00:00:00,001,12-31,004001022,指定以公允价值记账之金融资产,,2013-12-31 00:00:00
01357.HK,01357,美图公司,10563891,2013-12-31 00:00:00,001,12-31,004001027,可供出售投资,,2013-12-31 00:00:00
01357.HK,01357,美图公司,10563891,2013-12-31 00:00:00,001,12-31,004001999,非流动资产合计,7461000.0,2013-12-31 00:00:00
01357.HK,01357,美图公司,10563891,2013-12-31 00:00:00,001,12-31,004002001,存货,9586000.0,2013-12-31 00:00:00
01357.HK,01357,美图公司,10563891,2013-12-31 00:00:00,001,12-31,004002003,应收帐款,12608000.0,2013-12-31 00:00:00
01357.HK,01357,美图公司,10563891,2013-12-31 00:00:00,001,12-31,004002005,预付款按金及其他应收款,24665000.0,2013-12-31 00:00:00
01357.HK,01357,美图公司,10563891,2013-12-31 00:00:00,001,12-31,004002008,短期投资,,2013-12-31 00:00:00
01357.HK,01357,美图公司,10563891,2013-12-31 00:00:00,001,12-31,004002009,受限制存款及现金,1214000.0,2013-12-31 00:00:00
01357.HK,01357,美图公司,10563891,2013-12-31 00:00:00,001,12-31,004002010,现金及等价物,38532000.0,2013-12-31 00:00:00
01357.HK,01357,美图公司,10563891,2013-12-31 00:00:00,001,12-31,004002011,短期存款,,2013-12-31 00:00:00
01357.HK,01357,美图公司,10563891,2013-12-31 00:00:00,001,12-31,004002999,流动资产合计,86605000.0,2013-12-31 00:00:00
01357.HK,01357,美图公司,10563891,2013-12-31 00:00:00,001,12-31,004009999,总资产,94066000.0,2013-12-31 00:00:00
01357.HK,01357,美图公司,10563891,2013-12-31 00:00:00,001,12-31,004011001,应付帐款,75149000.0,2013-12-31 00:00:00
01357.HK,01357,美图公司,10563891,2013-12-31 00:00:00,001,12-31,004011003,应付税项,438000.0,2013-12-31 00:00:00
01357.HK,01357,美图公司,10563891,2013-12-31 00:00:00,001,12-31,004011999,流动负债合计,75587000.0,2013-12-31 00:00:00
01357.HK,01357,美图公司,10563891,2013-12-31 00:00:00,001,12-31,004013999,净流动资产,11018000.0,2013-12-31 00:00:00
01357.HK,01357,美图公司,10563891,2013-12-31 00:00:00,001,12-31,004015999,总资产减流动负债,18479000.0,2013-12-31 00:00:00
01357.HK,01357,美图公司,10563891,2013-12-31 00:00:00,001,12-31,004020010,其他非流动负债,,2013-12-31 00:00:00
01357.HK,01357,美图公司,10563891,2013-12-31 00:00:00,001,12-31,004020020,可转换可赎回优先股,53885000.0,2013-12-31 00:00:00
01357.HK,01357,美图公司,10563891,2013-12-31 00:00:00,001,12-31,004020999,非流动负债合计,53885000.0,2013-12-31 00:00:00
01357.HK,01357,美图公司,10563891,2013-12-31 00:00:00,001,12-31,004025999,总负债,129472000.0,2013-12-31 00:00:00
01357.HK,01357,美图公司,10563891,2013-12-31 00:00:00,001,12-31,004028999,净资产,-35406000.0,2013-12-31 00:00:00
01357.HK,01357,美图公司,10563891,2013-12-31 00:00:00,001,12-31,004030001,股本,123000.0,2013-12-31 00:00:00
01357.HK,01357,美图公司,10563891,2013-12-31 00:00:00,001,12-31,004030002,储备,44773000.0,2013-12-31 00:00:00
01357.HK,01357,美图公司,10563891,2013-12-31 00:00:00,001,12-31,004030004,保留溢利(累计亏损),-80302000.0,2013-12-31 00:00:00
01357.HK,01357,美图公司,10563891,2013-12-31 00:00:00,001,12-31,004030999,股东权益,-35406000.0,2013-12-31 00:00:00
01357.HK,01357,美图公司,10563891,2013-12-31 00:00:00,001,12-31,004036999,总权益,-35406000.0,2013-12-31 00:00:00
01357.HK,01357,美图公司,10563891,2013-12-31 00:00:00,001,12-31,004037999,总权益及非流动负债,18479000.0,2013-12-31 00:00:00
01357.HK,01357,美图公司,10563891,2013-12-31 00:00:00,001,12-31,004039999,总权益及总负债,94066000.0,2013-12-31 00:00:00
